"bog","plantX","plantY"
"12M",651,9686
"12M",892,2203
"12M",936,2923
"12M",986,4871
"12M",1000,7000
"12M",1089,1080
"12M",1147,4425
"12M",1195,8799
"12M",1483,8085
"12M",1540,5357
"12M",1634,3867
"12M",1748,4757
"12M",1794,1245
"12M",1835,7095
"12M",1940,7896
"12M",1962,5897
"12M",2259,1750
"12M",2288,8722
"12M",2310,2887
"12M",2533,10173
"12M",2917,1914
"12M",3058,3160
"12M",3060,1104
"12M",3092,9631
"12M",3338,3964
"12M",3523,8170
"12M",3548,9621
"12M",3736,2314
"12M",3921,3014
"12M",4162,9240
"12M",4170,3477
"12M",4170,5294
"12M",4200,1275
"12M",4227,6040
"12M",4710,6990
"12M",4720,4010
"12M",4810,4938
"12M",4816,1046
"12M",4870,1925
"12M",4961,2992
"12M",5000,8910
"12M",5049,10276
"12M",5065,8262
"12M",5075,6423
"12M",5749,4145
"12M",5760,1992
"12M",5884,9681
"12M",5933,4687
"12M",5998,950
"12M",6000,5740
"12M",6056,8139
"12M",6079,3216
"12M",6155,6732
"12M",6330,9082
"12M",6493,10155
"12M",6735,2459
"12M",6924,2669
"12M",6955,8078
"12M",6993,6029
"12M",6999,6960
"12M",7033,1187
"12M",7114,844
"12M",7304,9597
"12M",7734,8953
"12M",7750,3000
"12M",7896,6922
"12M",8039,7991
"12M",8146,5878
"12M",8216,3921
"12M",8370,9987
"12M",8685,5873
"12M",8694,6579
"12M",8762,3127
"12M",8823,5347
"12M",8877,4132
"12M",9051,634
"12M",9098,8781
"12M",9212,10132
"12M",9226,8082
"12M",9563,5479
"12M",9586,3347
"12M",9860,995
"12M",9891,6987
"12M",9967,8062
"12M",10010,10059
"12M",10096,2263
"12M",10099,9010
"12M",10220,3862
"12M",10285,5093
"ARC",465,4075
"ARC",882,6197
"ARC",909,8972
"ARC",934,6947
"ARC",955,10111
"ARC",982,3057
"ARC",1000,2000
"ARC",1054,1045
"ARC",1154,7857
"ARC",1663,3041
"ARC",1715,10093
"ARC",1725,9658
"ARC",1790,8906
"ARC",1803,1072
"ARC",1894,7458
"ARC",2003,2050
"ARC",2053,7838
"ARC",2095,6074
"ARC",2102,4920
"ARC",2367,3902
"ARC",2490,4009
"ARC",2519,2733
"ARC",2734,1087
"ARC",2932,6087
"ARC",3025,2239
"ARC",3101,8097
"ARC",3136,8744
"ARC",3167,6933
"ARC",3287,5088
"ARC",3760,9008
"ARC",3771,3976
"ARC",4000,5000
"ARC",4024,2690
"ARC",4234,7114
"ARC",4316,6183
"ARC",4398,7732
"ARC",4409,3094
"ARC",4541,5371
"ARC",4574,6332
"ARC",4673,8826
"ARC",4857,4154
"ARC",4928,2965
"ARC",5166,7038
"ARC",5198,8212
"ARC",5342,3046
"ARC",5598,9431
"ARC",6000,4000
"ARC",6005,5140
"ARC",6054,5746
"ARC",6143,8044
"ARC",6204,3441
"ARC",6570,7010
"ARC",6849,6902
"ARC",6918,4126
"ARC",7000,10000
"ARC",7043,9061
"ARC",7187,5654
"ARC",7297,7835
"ARC",7356,5841
"ARC",7408,-255
"ARC",7704,3953
"ARC",7720,9825
"ARC",7869,5524
"ARC",8000,6000
"ARC",8065,2666
"ARC",8120,8208
"ARC",8125,8807
"ARC",8168,7157
"ARC",8682,8039
"ARC",8866,6913
"ARC",8910,2880
"ARC",8936,8842
"ARC",8980,2128
"ARC",9079,10216
"ARC",9147,6063
"ARC",9228,5467
"ARC",9531,3642
"ARC",9576,2439
"ARC",9824,3929
"ARC",9892,5242
"ARC",9902,5950
"ARC",9986,8129
"ARC",10000,3000
"ARC",10019,8881
"ARC",10146,7065
"ARC",10199,-254
"ARC",10259,10508
"BBB",-11,9088
"BBB",260,8026
"BBB",801,932
"BBB",850,4271
"BBB",1044,5054
"BBB",1079,2044
"BBB",1120,2928
"BBB",1256,6130
"BBB",1257,7464
"BBB",1717,7035
"BBB",1844,1964
"BBB",1924,5715
"BBB",1956,7933
"BBB",1979,3239
"BBB",2007,10128
"BBB",2081,3649
"BBB",2092,1039
"BBB",2142,5464
"BBB",2872,4020
"BBB",2914,6224
"BBB",2931,1902
"BBB",2941,3055
"BBB",3000,7000
"BBB",3064,1010
"BBB",3094,7779
"BBB",3113,4777
"BBB",3675,5901
"BBB",3891,786
"BBB",4000,7000
"BBB",4009,5090
"BBB",4047,4018
"BBB",4049,3230
"BBB",4072,7546
"BBB",4177,1823
"BBB",4742,5032
"BBB",4979,2923
"BBB",4982,5932
"BBB",4983,3990
"BBB",4997,1200
"BBB",5029,6993
"BBB",5050,1869
"BBB",5243,5614
"BBB",5300,8820
"BBB",5303,8229
"BBB",5580,9845
"BBB",5738,9145
"BBB",5781,3019
"BBB",5820,10062
"BBB",5845,779
"BBB",5954,1934
"BBB",5994,5120
"BBB",6011,3989
"BBB",6062,7820
"BBB",6157,7261
"BBB",6522,2958
"BBB",6832,6935
"BBB",6835,5297
"BBB",6966,783
"BBB",7066,2023
"BBB",7066,3977
"BBB",7099,9378
"BBB",7127,7941
"BBB",7208,5624
"BBB",7373,9495
"BBB",8007,920
"BBB",8059,7116
"BBB",8080,6060
"BBB",8087,4134
"BBB",8111,1933
"BBB",8138,5197
"BBB",8509,5426
"BBB",8658,9872
"BBB",8854,6966
"BBB",8909,4296
"BBB",8954,1066
"BBB",8969,10198
"BBB",9002,8870
"BBB",9033,2023
"BBB",9054,3203
"BBB",9310,7828
"BBB",9619,1562
"BBB",9623,6167
"BBB",9704,4047
"BBB",9717,9717
"BBB",9786,2951
"BBB",9851,6213
"BBB",9972,8178
"BBB",10026,8924
"BBB",10065,1241
"BBB",10069,6987
"BBB",10289,5025
"BCK",838,10763
"BCK",865,2636
"BCK",1339,3265
"BCK",1356,7050
"BCK",1357,3329
"BCK",1649,2719
"BCK",2373,8236
"BCK",2405,11413
"BCK",2522,1092
"BCK",2590,8723
"BCK",2731,972
"BCK",2811,2280
"BCK",3404,7869
"BCK",3584,3815
"BCK",3611,3870
"BCK",3685,7944
"BCK",4146,935
"BCK",4149,1481
"BCK",4444,4969
"BCK",4484,10717
"BCK",4940,2896
"BCK",4951,7093
"BCK",4959,7034
"BCK",5000,1000
"BCK",5109,1826
"BCK",5210,4045
"BCK",5330,5918
"BCK",5428,4861
"BCK",5746,4623
"BCK",5764,3416
"BCK",5819,8201
"BCK",5874,1099
"BCK",5886,1717
"BCK",6044,7251
"BCK",6188,5741
"BCK",6271,3197
"BCK",6426,8825
"BCK",7100,6530
"BCK",8158,1485
"BCK",10284,8940
"BEE",71,84
"BEE",129,47
"BEE",170,135
"BEE",217,228
"BEE",224,123
"BEE",245,83
"BEE",255,265
"BEE",257,6
"BEE",269,152
"BEE",278,311
"BEE",279,224
"BEE",300,263
"BEE",300,300
"BEE",323,250
"BEE",332,261
"BEE",336,274
"BEE",388,109
"BLK",244,6409
"BLK",873,5238
"BLK",1059,2992
"BLK",1235,3277
"BLK",1453,1647
"BLK",1709,8431
"BLK",1796,9463
"BLK",1842,4847
"BLK",1874,10031
"BLK",1928,2803
"BLK",2015,2420
"BLK",2022,6214
"BLK",2095,4491
"BLK",2286,1458
"BLK",2910,2488
"BLK",2931,1990
"BLK",3035,5166
"BLK",3050,10797
"BLK",3116,10822
"BLK",3619,4257
"BLK",3630,6889
"BLK",3702,3799
"BLK",3859,6382
"BLK",3900,6058
"BLK",3930,7334
"BLK",4111,4658
"BLK",4295,6189
"BLK",4749,4379
"BLK",4760,2008
"BLK",5030,3429
"BLK",5105,4260
"BLK",6237,515
"BLK",8113,1959
"BLK",10548,6843
"BOU",825,5956
"BOU",867,1957
"BOU",880,7000
"BOU",985,4026
"BOU",1017,8902
"BOU",1022,8033
"BOU",1030,5027
"BOU",1047,9963
"BOU",1119,2947
"BOU",1329,1120
"BOU",1833,1199
"BOU",1962,3941
"BOU",1985,10013
"BOU",1990,9028
"BOU",1991,6995
"BOU",2025,6239
"BOU",2041,7972
"BOU",2097,2087
"BOU",2126,4901
"BOU",2187,3117
"BOU",2965,9928
"BOU",2970,7001
"BOU",2979,6034
"BOU",2985,2068
"BOU",2986,9038
"BOU",3000,3000
"BOU",3003,8030
"BOU",3020,5003
"BOU",3045,1054
"BOU",3213,3914
"BOU",3837,4047
"BOU",3906,6129
"BOU",3963,9941
"BOU",3980,2000
"BOU",3982,992
"BOU",3995,7930
"BOU",4029,8991
"BOU",4034,3021
"BOU",4052,6953
"BOU",4344,5551
"BOU",4671,9276
"BOU",4941,1819
"BOU",4950,6049
"BOU",4953,6837
"BOU",4993,2800
"BOU",5000,7920
"BOU",5007,10200
"BOU",5028,904
"BOU",5338,5326
"BOU",5582,2956
"BOU",5865,4315
"BOU",5936,4923
"BOU",5970,7000
"BOU",6000,10000
"BOU",6014,8129
"BOU",6019,2108
"BOU",6035,4166
"BOU",6041,6091
"BOU",6231,8724
"BOU",6566,1411
"BOU",6921,2216
"BOU",6969,1359
"BOU",6992,5110
"BOU",7000,6000
"BOU",7000,8000
"BOU",7033,3963
"BOU",7040,9003
"BOU",7058,7069
"BOU",7069,2606
"BOU",7173,10100
"BOU",7755,1206
"BOU",7845,5779
"BOU",7923,3064
"BOU",7989,9870
"BOU",8000,2000
"BOU",8000,5000
"BOU",8000,7000
"BOU",8146,3878
"BOU",8160,8000
"BOU",8369,8968
"BOU",8959,1468
"BOU",8990,5880
"BOU",9000,4000
"BOU",9000,5000
"BOU",9000,10000
"BOU",9045,9054
"BOU",9050,7913
"BOU",9098,6983
"BOU",9100,2000
"BOU",9199,3237
"BOU",9870,3109
"BOU",9941,8010
"BOU",9949,2061
"BOU",10000,9000
"BOU",10030,7052
"BOU",10058,5069
"BOU",10087,5950
"BOU",10100,9954
"BOU",10177,4031
"BOU",10270,1468
"BPB",657,8861
"BPB",781,7019
"BPB",813,2792
"BPB",852,5120
"BPB",1000,4000
"BPB",1014,1270
"BPB",1135,5766
"BPB",1155,2621
"BPB",1539,8038
"BPB",1630,10111
"BPB",1770,1222
"BPB",1780,3988
"BPB",1837,10050
"BPB",1921,1784
"BPB",1975,6117
"BPB",2000,5000
"BPB",2000,7000
"BPB",2052,9245
"BPB",2147,3202
"BPB",2231,7934
"BPB",2640,6376
"BPB",2750,5009
"BPB",2839,8135
"BPB",2854,2106
"BPB",2896,2872
"BPB",3000,6000
"BPB",3042,3698
"BPB",3105,1216
"BPB",3327,9174
"BPB",3367,10277
"BPB",3765,8559
"BPB",3836,4613
"BPB",3851,2694
"BPB",4000,10000
"BPB",4041,2388
"BPB",4101,6707
"BPB",4167,1342
"BPB",4181,5760
"BPB",4418,3956
"BPB",4538,7846
"BPB",4612,10041
"BPB",4854,8849
"BPB",4898,2239
"BPB",4933,1099
"BPB",4973,4782
"BPB",4985,3952
"BPB",4998,2930
"BPB",5100,8007
"BPB",5274,6305
"BPB",5290,7000
"BPB",5870,6000
"BPB",5935,8800
"BPB",5938,6810
"BPB",5966,10094
"BPB",6000,5000
"BPB",6000,8000
"BPB",6032,3916
"BPB",6071,2055
"BPB",6075,2950
"BPB",6107,881
"BPB",6840,7165
"BPB",6932,1983
"BPB",6937,4030
"BPB",6973,4893
"BPB",7000,8000
"BPB",7090,1359
"BPB",7177,8969
"BPB",7238,6029
"BPB",7299,2861
"BPB",7460,9832
"BPB",7671,1880
"BPB",7771,8316
"BPB",7913,4903
"BPB",7930,3166
"BPB",7953,983
"BPB",8041,6113
"BPB",8056,9685
"BPB",8069,8928
"BPB",8250,3991
"BPB",8296,6622
"BPB",8678,4926
"BPB",8836,5956
"BPB",8863,6971
"BPB",8891,3301
"BPB",8899,8957
"BPB",8903,4101
"BPB",9096,9972
"BPB",9173,1135
"BPB",9187,2095
"BPB",9260,7550
"BPB",9860,2998
"BPB",9953,5337
"BPB",10068,1791
"BPB",10072,1069
"BPB",10144,9861
"BPB",10263,8724
"BPB",10269,4109
"BPB",10336,5503
"BPB",10337,7047
"BRA",840,7640
"BRA",914,7765
"BRA",1022,9319
"BRA",1259,9750
"BRA",1601,4781
"BRA",1775,4130
"BRA",2009,9090
"BRA",2075,5815
"BRA",2086,9917
"BRA",2123,7662
"BRA",2200,7014
"BRA",2529,4972
"BRA",2722,712
"BRA",2781,8929
"BRA",2952,10015
"BRA",3105,7323
"BRA",3171,7530
"BRA",3458,7096
"BRA",3614,4348
"BRA",3647,5684
"BRA",4155,5039
"BRA",4185,9493
"BRA",4561,8901
"BRA",4705,7743
"BRA",4970,7833
"BRA",4993,10029
"BRA",5000,9000
"BRA",5048,7457
"BRA",5701,9749
"BRA",6037,9033
"BRA",6159,8014
"BRA",6521,6496
"BRA",6659,9531
"BRA",6769,9066
"BRA",6930,7995
"BRA",7189,8884
"BRA",7840,7640
"BRA",8958,10599
"BRA",10610,8630
"BUC",660,9915
"BUC",864,5034
"BUC",1000,3870
"BUC",1006,7660
"BUC",1153,685
"BUC",1155,7621
"BUC",1188,6194
"BUC",1546,8685
"BUC",1810,9062
"BUC",1918,2963
"BUC",1935,1465
"BUC",2039,4031
"BUC",2096,5028
"BUC",2096,7115
"BUC",2099,8067
"BUC",2103,2194
"BUC",2127,5796
"BUC",2277,9479
"BUC",2320,2080
"BUC",2825,1393
"BUC",2833,2801
"BUC",2853,7202
"BUC",2939,8345
"BUC",2985,4791
"BUC",3009,6004
"BUC",3017,3902
"BUC",3120,9866
"BUC",3139,9056
"BUC",3349,2024
"BUC",3870,8000
"BUC",3992,5120
"BUC",4040,9000
"BUC",4047,2963
"BUC",4052,1295
"BUC",4076,7025
"BUC",4095,9969
"BUC",4192,5945
"BUC",4201,3911
"BUC",4209,2268
"BUC",4818,877
"BUC",4925,7027
"BUC",4935,2821
"BUC",4939,3874
"BUC",4946,5305
"BUC",4985,5861
"BUC",5033,9843
"BUC",5087,7978
"BUC",5110,8996
"BUC",5409,2133
"BUC",5852,7974
"BUC",5939,9949
"BUC",5990,3941
"BUC",5995,7140
"BUC",6000,1000
"BUC",6000,6000
"BUC",6037,9093
"BUC",6075,3027
"BUC",6080,2008
"BUC",6098,4979
"BUC",6860,7000
"BUC",6946,955
"BUC",6948,5030
"BUC",7000,7920
"BUC",7004,10050
"BUC",7016,5953
"BUC",7030,3948
"BUC",7053,8915
"BUC",7174,3047
"BUC",7287,1799
"BUC",7851,7021
"BUC",7940,8852
"BUC",7946,3045
"BUC",7952,5868
"BUC",7986,1841
"BUC",8000,10000
"BUC",8052,5030
"BUC",8080,7828
"BUC",8090,1107
"BUC",8090,4008
"BUC",8898,9064
"BUC",8909,7041
"BUC",8938,2921
"BUC",9000,1000
"BUC",9015,2209
"BUC",9025,7883
"BUC",9036,5793
"BUC",9059,9932
"BUC",9061,4965
"BUC",9158,3972
"BUC",9857,5954
"BUC",9889,2045
"BUC",9902,9981
"BUC",9947,4915
"BUC",10000,1000
"BUC",10000,3000
"BUC",10000,7000
"BUC",10000,8000
"BUC",10022,9045
"BUC",10137,3971
"BV",799,9089
"BV",863,4973
"BV",915,6098
"BV",980,6872
"BV",1035,2166
"BV",1061,10314
"BV",1078,7983
"BV",1180,2874
"BV",1223,3866
"BV",1290,990
"BV",1869,6753
"BV",1921,3216
"BV",1976,9066
"BV",1991,4730
"BV",2000,3840
"BV",2016,7871
"BV",2033,5905
"BV",2046,10066
"BV",2096,1785
"BV",2196,829
"BV",2639,4585
"BV",2731,3923
"BV",2748,689
"BV",2811,7908
"BV",2812,5974
"BV",2883,8724
"BV",2969,2439
"BV",2990,3110
"BV",2994,10080
"BV",3170,6717
"BV",3722,1034
"BV",3784,7079
"BV",3806,1276
"BV",3835,8274
"BV",3920,5940
"BV",3942,3767
"BV",3945,2715
"BV",4021,8955
"BV",4023,5118
"BV",4301,10542
"BV",4780,3821
"BV",4868,9742
"BV",4950,3996
"BV",5019,5821
"BV",5049,8816
"BV",5067,6708
"BV",5071,5084
"BV",5139,8717
"BV",5611,6583
"BV",5670,1023
"BV",5735,10459
"BV",5741,4023
"BV",5778,716
"BV",5891,7949
"BV",5939,5885
"BV",6120,3148
"BV",6170,4958
"BV",6507,8815
"BV",6637,8111
"BV",6654,2099
"BV",6879,3285
"BV",7018,4209
"BV",7067,5074
"BV",7175,6074
"BV",7324,460
"BV",7354,7367
"BV",7354,10545
"BV",7792,5097
"BV",7793,10444
"BV",7900,6827
"BV",8079,2958
"BV",8099,3602
"BV",8152,1049
"BV",8211,7603
"BV",8218,1766
"BV",8236,9131
"BV",8265,6052
"BV",8475,1074
"BV",8593,2050
"BV",8876,9694
"BV",8892,6820
"BV",8920,6004
"BV",8949,8487
"BV",8991,4005
"BV",9089,8799
"BV",9130,3007
"BV",9157,4819
"BV",9792,7097
"BV",9795,4921
"BV",9914,5877
"BV",9941,3873
"BV",10040,9045
"BV",10048,8051
"BV",10157,2548
"BV",10180,3214
"BV",10240,10000
"BV",10414,-137
"CAR",285,5380
"CAR",673,12064
"CAR",906,1034
"CAR",986,1190
"CAR",3874,13598
"CAR",4140,4946
"CAR",4716,5072
"CAR",4756,2740
"CAR",4886,2848
"CAR",5040,4825
"CAR",5138,3131
"CAR",5890,1523
"CAR",6054,3563
"CAR",6318,3622
"CAR",7155,2709
"CAR",7394,1645
"CAR",7581,2354
"CAR",7792,2256
"CAR",8775,2268
"CAR",8872,2445
"CAR",9095,1153
"CAR",10460,9984
"CAR",11116,7823
"CAR",11176,7883
"CB",301,1174
"CB",567,8924
"CB",875,6673
"CB",962,2642
"CB",1000,6000
"CB",1000,8000
"CB",1153,4905
"CB",1207,4307
"CB",1280,9995
"CB",1381,2032
"CB",1750,6490
"CB",1762,8873
"CB",1861,3920
"CB",1875,9857
"CB",2000,5000
"CB",2000,8000
"CB",2103,2938
"CB",2676,3842
"CB",2719,2448
"CB",2838,6079
"CB",2947,6392
"CB",3060,5080
"CB",3217,7652
"CB",3384,10027
"CB",3439,9023
"CB",3641,3446
"CB",3689,10243
"CB",3910,5002
"CB",3958,6681
"CB",4000,7000
"CB",4012,8069
"CB",4013,6240
"CB",4075,2423
"CB",4135,7839
"CB",4197,8965
"CB",4302,2930
"CB",5000,4000
"CB",5204,3884
"CB",5275,4752
"CB",5469,1033
"CB",5615,6447
"CB",5635,4105
"CB",5823,4969
"CB",5832,6414
"CB",5870,5548
"CB",5870,10820
"CB",6567,5184
"CB",6808,3638
"CB",6868,7812
"CB",7020,7543
"CB",7066,5296
"CB",7322,10300
"CB",7332,3224
"CB",7727,4264
"CB",7801,2340
"CB",7853,2915
"CB",7915,8806
"CB",7955,2518
"CB",7975,8842
"CB",8227,2793
"CB",8597,2242
"CB",8652,9873
"CB",8895,4260
"CB",8902,9019
"CB",9409,8368
"CB",9636,8936
"CB",9835,9959
"CB",9983,4320
"CB",10668,5459
"CBO",610,9910
"CBO",780,862
"CBO",846,7171
"CBO",858,3889
"CBO",929,8964
"CBO",1008,4780
"CBO",1074,7905
"CBO",1165,6095
"CBO",1437,3142
"CBO",1530,2236
"CBO",1616,932
"CBO",1679,9837
"CBO",1752,6035
"CBO",1892,2667
"CBO",1906,7966
"CBO",2043,4246
"CBO",2054,4483
"CBO",2058,1767
"CBO",2115,7033
"CBO",2163,8837
"CBO",2649,2789
"CBO",2705,3948
"CBO",2824,9436
"CBO",2952,775
"CBO",2982,2078
"CBO",3084,5071
"CBO",3139,5856
"CBO",3271,6748
"CBO",3289,9975
"CBO",3525,8223
"CBO",3551,5719
"CBO",3870,2989
"CBO",3900,1995
"CBO",3921,10258
"CBO",3941,8081
"CBO",3977,5128
"CBO",4016,9129
"CBO",4160,1058
"CBO",4230,3807
"CBO",4475,7067
"CBO",4975,8996
"CBO",4997,10024
"CBO",5000,3010
"CBO",5003,992
"CBO",5003,4957
"CBO",5015,8006
"CBO",5022,6002
"CBO",5026,2077
"CBO",5044,6966
"CBO",5983,7006
"CBO",5984,6017
"CBO",5986,4005
"CBO",5989,8023
"CBO",5997,10076
"CBO",6003,1003
"CBO",6009,2006
"CBO",6023,8960
"CBO",6031,2974
"CBO",6633,5277
"CBO",6670,1000
"CBO",6722,9144
"CBO",6795,8160
"CBO",6958,4267
"CBO",7020,6954
"CBO",7037,2647
"CBO",7130,1708
"CBO",7144,5959
"CBO",7378,7309
"CBO",7802,5904
"CBO",7896,7060
"CBO",7897,1789
"CBO",8091,1062
"CBO",8097,2899
"CBO",8108,4104
"CBO",8134,8851
"CBO",8572,5143
"CBO",8890,1247
"CBO",9000,7090
"CBO",9005,7019
"CBO",9023,1666
"CBO",9067,3099
"CBO",9154,6171
"CBO",9164,10773
"CBO",9184,4154
"CBO",9238,5116
"CBO",9620,1013
"CBO",9772,4057
"CBO",10030,4894
"CBO",10057,6325
"CBO",10215,3223
"CBO",10309,2164
"CBO",10340,7181
"CBO",10615,8176
"CCF",620,846
"CCF",1108,2104
"CCF",1199,6885
"CCF",1230,3433
"CCF",1237,9852
"CCF",1302,5640
"CCF",1319,4022
"CCF",1349,7976
"CCF",1388,4903
"CCF",1450,8904
"CCF",1621,5548
"CCF",1629,7850
"CCF",1718,6612
"CCF",1949,4939
"CCF",2000,1000
"CCF",2000,4000
"CCF",2058,3160
"CCF",2089,2013
"CCF",2129,10018
"CCF",2338,8850
"CCF",2625,6388
"CCF",2780,1619
"CCF",2882,9757
"CCF",2960,9569
"CCF",2979,8098
"CCF",3000,4000
"CCF",3167,970
"CCF",3230,4807
"CCF",3278,2712
"CCF",3402,6821
"CCF",3582,3864
"CCF",3928,7750
"CCF",3929,5219
"CCF",3948,10748
"CCF",3955,3159
"CCF",4047,2448
"CCF",4069,6040
"CCF",4094,673
"CCF",4859,5075
"CCF",4877,5423
"CCF",4963,9918
"CCF",4973,6988
"CCF",5025,3479
"CCF",5073,7709
"CCF",5359,3801
"CCF",5370,3771
"CCF",5658,9293
"CCF",5669,5859
"CCF",5730,9468
"CCF",5819,9799
"CCF",5868,6539
"CCF",6149,1040
"CCF",6201,1911
"CCF",6369,1026
"CCF",6398,7666
"CCF",6768,5425
"CCF",6773,2466
"CCF",6865,6457
"CCF",7000,2240
"CCF",7280,1175
"CCF",7503,10464
"CCF",7519,8210
"CCF",7836,2496
"CCF",7849,8854
"CCF",7982,4129
"CCF",8072,7946
"CCF",8078,1443
"CCF",8176,4543
"CCF",8207,2319
"CCF",8246,7315
"CCF",8492,3237
"CCF",8914,2169
"CCF",8920,8850
"CCF",8932,7188
"CCF",9144,1240
"CCF",9273,3901
"CCF",9325,5131
"CCF",9718,8103
"CCF",9784,4838
"CCF",9835,8714
"CCF",9939,1841
"CCF",9946,9483
"CCF",10006,960
"CCF",10090,6856
"CCF",10293,5938
"CCF",10343,3645
"CHI",746,9479
"CHI",892,8856
"CHI",960,2970
"CHI",994,6680
"CHI",1001,6029
"CHI",1024,7721
"CHI",1040,2124
"CHI",1061,1051
"CHI",1123,4170
"CHI",1460,5400
"CHI",1694,8743
"CHI",1799,4195
"CHI",1803,8184
"CHI",1905,2141
"CHI",1910,4641
"CHI",1918,2851
"CHI",1932,7073
"CHI",1961,845
"CHI",2136,5937
"CHI",2679,10169
"CHI",2689,6782
"CHI",2750,9013
"CHI",2908,2118
"CHI",2953,6110
"CHI",3070,4261
"CHI",3077,5238
"CHI",3130,2998
"CHI",3144,9861
"CHI",3160,8205
"CHI",3212,802
"CHI",3372,6878
"CHI",3696,8129
"CHI",3835,1041
"CHI",3918,4732
"CHI",3972,3399
"CHI",4038,9918
"CHI",4070,9121
"CHI",4086,3948
"CHI",4099,2185
"CHI",4510,6000
"CHI",4571,6835
"CHI",4581,1646
"CHI",4724,7671
"CHI",4740,8766
"CHI",4894,5773
"CHI",4944,2171
"CHI",4990,4039
"CHI",4993,3140
"CHI",5132,5258
"CHI",5818,10057
"CHI",5881,10053
"CHI",5883,6057
"CHI",5884,5078
"CHI",5929,7781
"CHI",5981,3731
"CHI",6025,3016
"CHI",6038,7237
"CHI",6154,1816
"CHI",6359,876
"CHI",6640,1748
"CHI",6754,5085
"CHI",6801,3976
"CHI",6819,9142
"CHI",6853,8655
"CHI",7041,971
"CHI",7051,6796
"CHI",7085,7723
"CHI",7099,3099
"CHI",7227,6165
"CHI",7617,2147
"CHI",7714,8045
"CHI",7746,9772
"CHI",7748,3097
"CHI",7820,8700
"CHI",7827,9628
"CHI",8017,3680
"CHI",8017,6010
"CHI",8020,5128
"CHI",8094,7409
"CHI",8167,455
"CHI",8700,3820
"CHI",8790,1864
"CHI",8801,6932
"CHI",8834,6618
"CHI",8838,9650
"CHI",8919,4486
"CHI",8996,8250
"CHI",9124,9899
"CHI",9260,2991
"CHI",9269,1309
"CHI",9721,10136
"CHI",9811,9341
"CHI",9960,2672
"CHI",10126,6168
"CHI",10136,3733
"CHI",10181,2187
"CHI",10184,1377
"CHI",10200,5010
"CHI",10280,7005
"CHI",10315,8127
"CMF",400,8021
"CMF",511,5670
"CMF",798,1147
"CMF",808,2055
"CMF",967,9479
"CMF",1000,4090
"CMF",1000,5000
"CMF",1028,6904
"CMF",1547,2779
"CMF",1698,614
"CMF",1726,3854
"CMF",1866,4895
"CMF",2056,3223
"CMF",2079,1986
"CMF",2096,7115
"CMF",2248,6557
"CMF",2453,10080
"CMF",2473,8319
"CMF",2748,7197
"CMF",2845,8524
"CMF",2915,4136
"CMF",2921,9938
"CMF",2971,4884
"CMF",2983,1902
"CMF",3165,8129
"CMF",3190,718
"CMF",3207,2534
"CMF",3341,6469
"CMF",3660,4915
"CMF",3698,2708
"CMF",3766,8865
"CMF",3862,4220
"CMF",3891,7699
"CMF",3895,5866
"CMF",4098,1540
"CMF",4268,791
"CMF",4324,7158
"CMF",4490,10141
"CMF",4671,8146
"CMF",4724,6671
"CMF",4728,8443
"CMF",4770,4930
"CMF",4772,2292
"CMF",4853,3774
"CMF",4967,9813
"CMF",5082,774
"CMF",5160,5723
"CMF",5178,2871
"CMF",5582,3956
"CMF",5707,6310
"CMF",5892,7947
"CMF",5897,5806
"CMF",5914,1797
"CMF",5959,8972
"CMF",6014,2600
"CMF",6021,400
"CMF",6043,5246
"CMF",6480,2700
"CMF",6511,3618
"CMF",6865,7961
"CMF",7000,4620
"CMF",7035,1659
"CMF",7165,1726
"CMF",7180,5987
"CMF",7309,7662
"CMF",7751,2468
"CMF",7983,4011
"CMF",8014,1270
"CMF",8190,5062
"CMF",8296,4457
"CMF",8331,10320
"CMF",8632,8278
"CMF",8729,2510
"CMF",8809,9187
"CMF",8920,7911
"CMF",8934,5374
"CMF",9090,3193
"CMF",9096,1115
"CMF",9157,2087
"CMF",9355,10568
"CMF",9662,1850
"CMF",10000,1000
"CMF",10000,8000
"CMF",10246,10677
"CMF",10620,8774
"COL",652,6600
"COL",698,5708
"COL",705,8904
"COL",733,7589
"COL",823,9619
"COL",1422,4794
"COL",1625,2708
"COL",1868,10430
"COL",1938,8232
"COL",1950,203
"COL",1981,6023
"COL",1990,2961
"COL",2002,8870
"COL",2025,6935
"COL",2047,1963
"COL",2326,5196
"COL",2628,2270
"COL",2733,4267
"COL",2759,8656
"COL",2795,2795
"COL",2850,5920
"COL",2877,3598
"COL",3022,7681
"COL",3090,4724
"COL",3164,7073
"COL",3330,10082
"COL",3635,1270
"COL",3796,7823
"COL",3966,7278
"COL",4068,4958
"COL",4075,10749
"COL",4133,4043
"COL",4197,9928
"COL",4212,6339
"COL",4245,3136
"COL",4356,9102
"COL",4499,8903
"COL",4627,2673
"COL",4712,7140
"COL",4885,6033
"COL",4973,4893
"COL",4976,6455
"COL",5000,550
"COL",5134,3801
"COL",5230,2778
"COL",5432,7916
"COL",5607,6275
"COL",5705,10125
"COL",5808,4839
"COL",5944,1543
"COL",6020,8954
"COL",6108,7646
"COL",6154,3928
"COL",6237,1394
"COL",6375,3416
"COL",6391,8802
"COL",6673,2906
"COL",7228,7533
"COL",7232,4498
"COL",7234,9782
"COL",7354,1646
"COL",7432,5189
"COL",7487,353
"COL",7929,4964
"COL",8061,7686
"COL",8090,1107
"COL",8529,3556
"COL",8560,2785
"COL",8661,8735
"COL",8663,5283
"COL",8669,6259
"COL",8820,6360
"COL",9091,8317
"COL",9166,9663
"COL",9290,4261
"COL",9339,1827
"COL",9708,5625
"COL",9816,2314
"COL",9890,8992
"COL",10055,5212
"COL",10073,7586
"COL",10234,6740
"CON",105,399
"CON",183,7266
"CON",247,2394
"CON",258,9106
"CON",267,8603
"CON",332,8270
"CON",350,5523
"CON",364,2067
"CON",606,6613
"CON",652,5235
"CON",662,3695
"CON",680,1331
"CON",701,3497
"CON",883,6187
"CON",885,4533
"CON",1086,4765
"CON",1090,4656
"CON",1092,4077
"CON",1109,7402
"CON",1212,747
"CON",1227,3460
"CON",1270,2991
"CON",1325,6063
"CON",1410,1180
"CON",1449,6219
"CON",1486,623
"CON",1512,6600
"CON",1554,2202
"CRN",935,2617
"CRN",1039,6561
"CRN",1141,3060
"CRN",1184,9867
"CRN",1315,4921
"CRN",1366,3341
"CRN",1640,2312
"CRN",1758,3690
"CRN",1810,10177
"CRN",1821,9718
"CRN",1938,8232
"CRN",1965,2019
"CRN",2008,2941
"CRN",2011,6688
"CRN",2170,6003
"CRN",2294,1602
"CRN",2604,10056
"CRN",2694,2864
"CRN",2761,8550
"CRN",2842,8636
"CRN",2907,1027
"CRN",2920,5150
"CRN",2928,2515
"CRN",3046,4293
"CRN",3528,2417
"CRN",3543,6634
"CRN",3720,6010
"CRN",3739,2403
"CRN",3858,4819
"CRN",3915,7396
"CRN",4127,4390
"CRN",4273,9990
"CRN",4711,6041
"CRN",4733,3962
"CRN",4827,8699
"CRN",4983,4841
"CRN",5080,7089
"CRN",5300,7903
"CRN",5380,436
"CRN",5614,8428
"CRN",5679,7193
"CRN",5882,6122
"CRN",5988,5049
"CRN",6000,8000
"CRN",6007,4210
"CRN",6257,1041
"CRN",6627,9233
"CRN",6712,2848
"CRN",6818,4251
"CRN",6923,5174
"CRN",7554,7569
"CRN",7571,2970
"CRN",7572,6143
"CRN",7574,1801
"CRN",7695,7274
"CRN",7702,3799
"CRN",7796,4918
"CRN",7815,6797
"CRN",7924,5669
"CRN",8907,5049
"CRN",9026,946
"CRN",9035,6885
"CRN",9071,3824
"CRN",9110,5898
"CRN",9195,1518
"CRN",9199,7138
"CRN",9370,3510
"CRN",9948,953
"CRN",9949,5939
"CRN",9978,5087
"CRN",10000,3480
"CRN",10103,6806
"CRN",10133,2911
"CRN",10158,1885
"CRN",10301,7666
"CRN",10704,9511
"CRY",29,5373
"CRY",644,3023
"CRY",892,6947
"CRY",1008,2110
"CRY",1033,8037
"CRY",1045,744
"CRY",1063,6324
"CRY",1142,10808
"CRY",1180,8712
"CRY",1247,2660
"CRY",1631,2527
"CRY",1691,632
"CRY",1723,7840
"CRY",1818,9105
"CRY",1960,2186
"CRY",2037,6529
"CRY",2097,4551
"CRY",2186,9960
"CRY",2678,1270
"CRY",2826,10985
"CRY",2880,6949
"CRY",3160,3008
"CRY",3365,6632
"CRY",3726,4058
"CRY",3793,2669
"CRY",3894,9573
"CRY",3959,7612
"CRY",4020,6440
"CRY",4305,1809
"CRY",4741,6343
"CRY",4783,1125
"CRY",4881,8893
"CRY",5000,3000
"CRY",5093,7285
"CRY",5133,10366
"CRY",5218,7969
"CRY",5362,6689
"CRY",5542,2176
"CRY",5759,6097
"CRY",5793,10331
"CRY",5801,833
"CRY",5887,8606
"CRY",6017,7902
"CRY",6097,1976
"CRY",6333,2373
"CRY",6360,4000
"CRY",6482,4110
"CRY",6648,10075
"CRY",6682,6318
"CRY",6809,9317
"CRY",6820,7006
"CRY",6955,3078
"CRY",7013,9359
"CRY",7017,1881
"CRY",7250,928
"CRY",7509,10199
"CRY",7618,7489
"CRY",7692,3342
"CRY",7904,1263
"CRY",8013,5149
"CRY",8234,1865
"CRY",8449,9903
"CRY",8483,2946
"CRY",9254,1159
"CRY",9563,7858
"CRY",9666,1251
"CRY",9939,737
"CRY",10125,3673
"CRY",10475,10119
"CRY",11118,6059
"CSP",690,6000
"CSP",797,1108
"CSP",898,6761
"CSP",920,1680
"CSP",951,4214
"CSP",956,4921
"CSP",983,9189
"CSP",1009,10085
"CSP",1062,8033
"CSP",1117,3076
"CSP",1735,4091
"CSP",1790,8064
"CSP",1864,5969
"CSP",1885,9939
"CSP",1908,6961
"CSP",1926,1383
"CSP",2000,3000
"CSP",2087,1932
"CSP",2139,4983
"CSP",2223,8693
"CSP",2697,1825
"CSP",2764,2904
"CSP",2835,4897
"CSP",2945,9043
"CSP",3000,7000
"CSP",3000,9920
"CSP",3032,8062
"CSP",3066,3964
"CSP",3070,5943
"CSP",3538,1047
"CSP",3908,6940
"CSP",3922,3983
"CSP",3950,8684
"CSP",3951,6110
"CSP",3969,1641
"CSP",3980,1379
"CSP",4050,3002
"CSP",4073,5053
"CSP",4098,9950
"CSP",4219,7985
"CSP",4896,6108
"CSP",4953,4795
"CSP",4954,9053
"CSP",4954,9868
"CSP",4976,2934
"CSP",4995,2265
"CSP",5029,7208
"CSP",5038,941
"CSP",5087,7952
"CSP",5089,3810
"CSP",5793,7230
"CSP",5894,6030
"CSP",5969,3074
"CSP",6007,3895
"CSP",6048,1986
"CSP",6069,845
"CSP",6106,10092
"CSP",6111,5363
"CSP",6115,8967
"CSP",6154,8143
"CSP",6774,1918
"CSP",6870,2948
"CSP",6972,5914
"CSP",6989,9891
"CSP",7000,8000
"CSP",7058,9017
"CSP",7091,1042
"CSP",7115,7111
"CSP",7117,4361
"CSP",7171,4846
"CSP",7743,8083
"CSP",7825,10044
"CSP",7917,3914
"CSP",7940,5005
"CSP",7973,6117
"CSP",8000,1000
"CSP",8016,8871
"CSP",8023,3066
"CSP",8053,2085
"CSP",8144,7090
"CSP",8780,5933
"CSP",8969,3074
"CSP",8983,1025
"CSP",9000,9000
"CSP",9007,5050
"CSP",9016,8149
"CSP",9021,1902
"CSP",9031,4116
"CSP",9043,10055
"CSP",9560,7906
"CSP",9705,7285
"CSP",9825,960
"CSP",9859,9051
"CSP",9950,2827
"CSP",10011,5891
"CSP",10070,2144
"CSP",10189,9935
"CSP",10200,4007
"CSP",10208,4928
"CTL",711,8332
"CTL",771,6630
"CTL",1044,7175
"CTL",1414,4653
"CTL",1585,3546
"CTL",1594,1916
"CTL",2046,7472
"CTL",2130,5891
"CTL",2501,202
"CTL",2975,9971
"CTL",3014,7945
"CTL",3183,5139
"CTL",3475,4297
"CTL",3527,1509
"CTL",3632,8161
"CTL",3721,3486
"CTL",3740,6797
"CTL",3833,5067
"CTL",3855,5715
"CTL",4065,9146
"CTL",4241,3805
"CTL",4291,2927
"CTL",4336,10096
"CTL",5026,5148
"CTL",5138,3978
"CTL",5525,3074
"CTL",5526,9935
"CTL",5530,1000
"CTL",5632,7431
"CTL",5722,7971
"CTL",5793,7388
"CTL",5809,3527
"CTL",5869,1862
"CTL",6163,6473
"CTL",6170,2988
"CTL",6510,8630
"CTL",6775,4703
"CTL",6842,5064
"CTL",6959,1887
"CTL",6996,3120
"CTL",7085,754
"CTL",7722,2259
"CTL",8075,2815
"CTL",8194,1048
"CTL",8310,2986
"CTL",8762,3826
"CTL",8971,3040
"CTL",9000,1550
"CTL",9013,630
"CTL",9111,9384
"CTL",9961,855
"CTL",9987,1750
"CTL",9990,2998
"CTL",10131,4092
"CU1",765,3676
"CU1",944,8021
"CU1",947,7085
"CU1",1000,5000
"CU1",1080,9006
"CU1",1130,6009
"CU1",1167,9933
"CU1",1265,2364
"CU1",1286,3165
"CU1",1493,780
"CU1",1636,4064
"CU1",1790,4481
"CU1",1859,8075
"CU1",1906,5790
"CU1",1953,9963
"CU1",1991,2982
"CU1",2008,7006
"CU1",2095,9074
"CU1",2136,582
"CU1",2363,2465
"CU1",2698,1360
"CU1",2746,5908
"CU1",2829,5056
"CU1",2858,2889
"CU1",2860,3758
"CU1",2933,7099
"CU1",3033,10479
"CU1",3194,8048
"CU1",3334,1602
"CU1",3399,9028
"CU1",3778,389
"CU1",3842,3106
"CU1",3969,3905
"CU1",4017,5932
"CU1",4052,2295
"CU1",4053,8108
"CU1",4090,5144
"CU1",4207,6899
"CU1",4620,6202
"CU1",4700,7160
"CU1",4896,10489
"CU1",4926,4119
"CU1",5019,994
"CU1",5129,2986
"CU1",5142,5049
"CU1",5189,9092
"CU1",5356,2259
"CU1",5784,1105
"CU1",5791,2978
"CU1",5793,6036
"CU1",6053,1915
"CU1",6066,4045
"CU1",6071,5038
"CU1",6101,7839
"CU1",6479,9504
"CU1",6657,8861
"CU1",6734,4160
"CU1",6854,1065
"CU1",6913,4932
"CU1",6913,5978
"CU1",6925,2870
"CU1",7158,7324
"CU1",7218,2159
"CU1",7645,1308
"CU1",7686,9349
"CU1",7776,9918
"CU1",7862,4519
"CU1",7959,2028
"CU1",7964,2662
"CU1",7972,4198
"CU1",8074,5905
"CU1",8544,4886
"CU1",8634,9563
"CU1",8670,9012
"CU1",8829,2470
"CU1",8871,4018
"CU1",9096,1198
"CU1",9127,3238
"CU1",9625,5999
"CU1",9664,4904
"CU1",9732,4297
"CU1",9929,6084
"CU1",10004,9890
"CU1",10007,971
"CU1",10028,2601
"CU1",10114,1669
"CU1",10181,9142
"CU2",770,807
"CU2",895,1818
"CU2",922,7017
"CU2",950,5005
"CU2",1000,6000
"CU2",1154,2577
"CU2",1158,4028
"CU2",1198,10028
"CU2",1620,8891
"CU2",1771,3024
"CU2",1813,9580
"CU2",1843,6033
"CU2",1927,2291
"CU2",1972,6200
"CU2",2189,5020
"CU2",2204,3949
"CU2",2246,1365
"CU2",2504,4479
"CU2",2512,7910
"CU2",2724,1049
"CU2",2880,8000
"CU2",2918,9416
"CU2",2919,5183
"CU2",2944,2777
"CU2",2976,8934
"CU2",3174,2193
"CU2",3573,2106
"CU2",3631,4015
"CU2",3743,5376
"CU2",3850,4990
"CU2",3913,6050
"CU2",4029,4006
"CU2",4222,1284
"CU2",4297,7145
"CU2",4743,7694
"CU2",4887,6959
"CU2",4923,2908
"CU2",4925,5130
"CU2",4996,6009
"CU2",5124,8934
"CU2",5144,2240
"CU2",5250,3996
"CU2",5441,1276
"CU2",5652,9217
"CU2",5713,5040
"CU2",5926,6031
"CU2",5982,2009
"CU2",6042,2733
"CU2",6064,595
"CU2",6113,6788
"CU2",6696,10488
"CU2",6813,6033
"CU2",6852,2824
"CU2",6990,720
"CU2",7078,5290
"CU2",7110,2086
"CU2",7256,6211
"CU2",7816,6546
"CU2",7863,9624
"CU2",7902,3983
"CU2",7935,1821
"CU2",8027,1259
"CU2",8028,3010
"CU2",8170,5106
"CU2",8355,6657
"CU2",8759,1732
"CU2",8801,3237
"CU2",8871,6153
"CU2",8975,5178
"CU2",9000,1370
"CU2",9402,4179
"CU2",9619,1081
"CU2",9893,2881
"CU2",9944,2171
"DEP",623,2328
"DEP",913,589
"DEP",1626,4867
"DEP",1955,1900
"DEP",2060,1243
"DEP",2077,8022
"DEP",2290,3678
"DEP",2357,7130
"DEP",2369,3180
"DEP",2521,4723
"DEP",2782,6159
"DEP",2875,1413
"DEP",3000,370
"DEP",3289,7649
"DEP",3312,10180
"DEP",3555,6180
"DEP",3597,2937
"DEP",3842,7882
"DEP",4000,6800
"DEP",4204,10127
"DEP",4728,1127
"DEP",4923,5871
"DEP",4931,2647
"DEP",5006,5110
"DEP",5021,4600
"DEP",5081,8039
"DEP",5450,9400
"DEP",5734,7156
"DEP",5750,1974
"DEP",6173,6100
"DEP",6229,1303
"DEP",6245,3794
"DEP",6268,2775
"DEP",6339,8413
"DEP",6350,4314
"DEP",7000,370
"DEP",7000,8510
"DEP",7143,5044
"DEP",7318,6039
"DEP",7502,6181
"DEP",8000,10220
"DEP",8183,5411
"DEP",8219,9098
"DEP",8334,2358
"DEP",8611,892
"DEP",8882,3197
"DEP",8975,8178
"DEP",9079,8662
"DEP",9225,7342
"DEP",9280,8825
"DEP",10097,1925
"DLF",284,6925
"DLF",798,1554
"DLF",904,8357
"DLF",986,7821
"DLF",990,4140
"DLF",1107,5688
"DLF",1133,2366
"DLF",1154,10380
"DLF",1194,5188
"DLF",1619,6413
"DLF",1738,318
"DLF",1755,3206
"DLF",1800,6000
"DLF",1802,9796
"DLF",2028,4959
"DLF",2089,4201
"DLF",2148,10176
"DLF",2315,695
"DLF",2868,4952
"DLF",2887,8690
"DLF",2890,2992
"DLF",2891,1985
"DLF",3037,3953
"DLF",3250,7567
"DLF",3291,6212
"DLF",3670,10023
"DLF",3727,1099
"DLF",3850,7005
"DLF",3873,7973
"DLF",3915,8599
"DLF",3959,5165
"DLF",3978,10319
"DLF",4000,3330
"DLF",4000,4000
"DLF",4139,1985
"DLF",4161,6135
"DLF",4650,8000
"DLF",4756,1709
"DLF",5000,6000
"DLF",5034,10050
"DLF",5077,8936
"DLF",5095,7074
"DLF",5244,6710
"DLF",5342,5940
"DLF",5617,883
"DLF",5854,2878
"DLF",5870,9739
"DLF",5906,6034
"DLF",5939,10263
"DLF",6189,1420
"DLF",6694,1830
"DLF",6987,9620
"DLF",7000,2540
"DLF",7118,977
"DLF",7462,9846
"DLF",7498,4418
"DLF",7503,4115
"DLF",7742,1553
"DLF",7917,2473
"DLF",8099,3304
"DLF",8322,2953
"DLF",8669,5793
"DLF",9090,4991
"DLF",9164,4387
"DLF",9250,10686
"DLF",9630,1978
"DLF",9687,5415
"DLF",9732,9791
"DLF",10000,1880
"DLF",10040,4287
"DLF",10122,1454
"DLF",10270,8372
"DLF",10545,9198
"DLF",10653,5653
"EBB",-837,2709
"EBB",-594,7573
"EBB",135,4541
"EBB",1482,10989
"EBB",1846,5275
"EBB",2041,5423
"EBB",2056,861
"EBB",2367,1135
"EBB",2881,525
"EBB",3535,2664
"EBB",3594,3427
"EBB",3642,8560
"EBB",3690,6463
"EBB",4042,5043
"EBB",4149,3134
"EBB",4207,3693
"EBB",4500,8000
"EBB",4753,894
"EBB",4788,5291
"EBB",4918,9754
"EBB",4982,4259
"EBB",5015,1430
"EBB",5096,2295
"EBB",5255,5950
"EBB",5605,3074
"EBB",5704,2534
"EBB",5743,5223
"EBB",5824,5886
"EBB",6035,2965
"EBB",6077,1151
"EBB",6178,3839
"EBB",6282,7746
"EBB",6297,6835
"EBB",6383,9853
"EBB",6858,2049
"EBB",6912,3953
"EBB",6918,8719
"EBB",6962,9804
"EBB",6973,5519
"EBB",7340,771
"EBB",7386,2142
"EBB",7491,6036
"EBB",7593,8950
"EBB",7640,2887
"EBB",7659,7921
"EBB",7923,4871
"EBB",8106,3908
"EBB",8118,7308
"EBB",8193,8907
"EBB",8229,3179
"EBB",8665,844
"EBB",8712,7820
"EBB",8812,3167
"EBB",8934,2536
"EBB",9032,4308
"EBB",9147,7085
"EBB",9332,10289
"EBB",9567,5443
"EBB",9663,8847
"EBB",9753,2039
"EBB",10452,7088
"EBB",10454,6273
"EBB",10542,398
"EIB",-738,8633
"EIB",-548,5626
"EIB",1000,3250
"EIB",1122,1274
"EIB",2087,1349
"EIB",2891,360
"EIB",4505,2810
"EIB",5710,3502
"EIB",5896,2108
"EIB",6276,671
"EIB",6579,2646
"EIB",6631,1873
"EIB",7492,2605
"EIB",8260,2995
"EIB",8945,5192
"EIB",9215,2506
"EIB",9591,9104
"EIB",10256,9193
"EIB",10284,1098
"EIB",10768,1865
"ELL",57,1967
"ELL",901,3602
"ELL",972,9264
"ELL",983,953
"ELL",2977,1108
"ELL",3106,1256
"ELL",3219,3918
"ELL",3336,2096
"ELL",3596,2197
"ELL",4154,3112
"ELL",4406,3371
"ELL",4550,4000
"ELL",5435,1608
"ELL",5621,10155
"ELL",5801,833
"ELL",5865,1827
"ELL",5930,3719
"ELL",6178,3489
"ELL",6245,4497
"ELL",6652,2756
"ELL",6743,7619
"ELL",6826,7410
"ELL",6899,1793
"ELL",7019,819
"ELL",7033,3682
"ELL",7206,5283
"ELL",7574,9081
"ELL",7815,3236
"ELL",7820,849
"ELL",7926,5229
"ELL",7940,7067
"ELL",8017,8159
"ELL",8190,4177
"ELL",8230,5902
"ELL",8346,9777
"ELL",8478,1621
"ELL",8569,1061
"ELL",8705,7715
"ELL",8970,4074
"ELL",8977,6026
"ELL",9011,8921
"ELL",9067,4956
"ELL",9068,10087
"ELL",9201,7322
"ELL",9311,2862
"ELL",9425,5551
"ELL",9528,1543
"ELL",9581,1402
"ELL",9718,9470
"ELL",9735,7821
"ELL",9872,3648
"ELL",9878,8805
"ELL",9880,7090
"ELL",10100,5173
"EMB",-3,1097
"EMB",138,879
"EMB",1701,-694
"EMB",1831,-733
"EMB",1975,13822
"EMB",3069,11827
"EMB",3312,11467
"EMB",3868,6333
"EMB",5160,10160
"EMB",6179,4959
"EMB",6931,4036
"EMB",6975,5757
"EMB",7213,4485
"EMB",7920,-289
"EMB",8244,6921
"EMB",8625,6329
"EMB",8923,3730
"EMB",9219,6898
"EMB",9341,4625
"EMB",9638,4799
"EMB",9896,1464
"EMB",10064,7181
"GCO",-320,4281
"GCO",-222,5596
"GCO",576,1678
"GCO",715,9705
"GCO",864,7915
"GCO",921,9162
"GCO",937,6597
"GCO",1160,7000
"GCO",1249,2168
"GCO",1680,10011
"GCO",1698,2360
"GCO",1765,7086
"GCO",1990,7860
"GCO",2038,5103
"GCO",2235,914
"GCO",2491,9246
"GCO",2529,6152
"GCO",2602,1042
"GCO",2667,9243
"GCO",2722,7712
"GCO",2891,9130
"GCO",2980,7189
"GCO",3000,5000
"GCO",3567,7770
"GCO",3908,746
"GCO",3947,7507
"GCO",4050,2714
"GCO",4087,1508
"GCO",4090,4359
"GCO",4465,8405
"GCO",4554,5465
"GCO",4808,3526
"GCO",4973,1379
"GCO",5000,8000
"GCO",5008,1760
"GCO",5185,6075
"GCO",5383,9679
"GCO",5409,5705
"GCO",5606,6308
"GCO",6049,9152
"GCO",6194,8267
"GCO",6640,382
"GCO",6884,8319
"GCO",7006,1170
"GCO",7082,6226
"GCO",7090,2644
"GCO",7099,8439
"GCO",7252,3063
"GCO",7295,6591
"GCO",7398,6958
"GCO",7831,3018
"GCO",8050,2087
"GCO",8085,1483
"GCO",8262,9145
"GCO",8292,5823
"GCO",8342,4692
"GCO",8391,7672
"GCO",8712,6917
"GCO",8740,4584
"GCO",8814,8167
"GCO",8872,2658
"GCO",9002,930
"GCO",9047,2552
"GCO",9254,8908
"GCO",9262,402
"GCO",9409,6896
"GCO",9530,8984
"GCO",9540,7984
"GPB",449,3656
"GPB",986,1200
"GPB",1382,1511
"GPB",1598,2655
"GPB",1973,1987
"GPB",2168,540
"GPB",2486,833
"GPB",2788,1661
"GPB",4017,1247
"GPB",4033,1962
"GPB",4248,2274
"GPB",4842,1123
"GPB",5885,1216
"GPB",6097,6944
"GPB",6185,1901
"GPB",6743,2173
"GPB",6746,7178
"GPB",6916,3100
"GPB",7147,4310
"GPB",7233,2067
"GPB",7402,922
"GPB",7431,7790
"GPB",7516,5964
"GPB",7675,717
"GPB",7785,2954
"GPB",8156,6167
"GPB",8252,4837
"GPB",8257,7155
"GPB",8433,3924
"GPB",8582,5674
"GPB",9029,4448
"GPB",9199,1890
"GPB",9227,301
"GPB",9470,4171
"GPB",9534,2666
"GPB",9662,2012
"GPB",9836,727
"GPB",9864,3256
"GPB",10162,7216
"GPB",10185,4507
"GPB",10333,4800
"GSB",-132,9448
"GSB",-67,8734
"GSB",718,1530
"GSB",732,7343
"GSB",810,2572
"GSB",902,2219
"GSB",1305,6488
"GSB",1350,1625
"GSB",1429,4360
"GSB",1959,7411
"GSB",2071,6667
"GSB",2119,7430
"GSB",2402,4314
"GSB",2629,8693
"GSB",2697,5249
"GSB",2986,3871
"GSB",3084,10788
"GSB",3313,3703
"GSB",3451,8888
"GSB",3480,3771
"GSB",3503,4336
"GSB",3722,5288
"GSB",4259,10250
"GSB",4476,5822
"GSB",4570,5909
"GSB",4883,9832
"GSB",5264,9575
"GSB",5266,5087
"GSB",5379,4723
"GSB",5474,4046
"GSB",5508,2272
"GSB",6979,7761
"GSB",8435,12044
"GSB",8610,6325
"GSB",9317,1660
"GSB",9732,1703
"GSB",11729,8060
"GSB",11849,4393
"GSB",12872,9596
"GTW",353,7625
"GTW",1054,955
"GTW",1450,8600
"GTW",1842,3972
"GTW",1973,11245
"GTW",2505,3696
"GTW",2830,3877
"GTW",3386,4045
"GTW",3476,2768
"GTW",3784,2855
"GTW",4064,3923
"GTW",4376,9863
"GTW",4561,3977
"GTW",5007,1900
"GTW",5283,9529
"GTW",5882,9979
"GTW",6291,2212
"GTW",6802,71
"GTW",6809,3305
"GTW",7000,9370
"GTW",7075,10207
"GTW",7109,1699
"GTW",7234,8299
"GTW",7711,7444
"GTW",7833,8186
"GTW",7841,3644
"GTW",8179,2065
"GTW",8225,870
"GTW",8361,9626
"GTW",8409,2632
"GTW",8449,903
"GTW",8466,6378
"GTW",8644,8753
"GTW",8803,4965
"GTW",8846,9816
"GTW",9082,2851
"GTW",9097,3913
"GTW",9126,9061
"GTW",9482,1425
"GTW",9805,9955
"GTW",9867,8591
"GTW",9957,4307
"GTW",10078,1443
"GTW",10084,1568
"GTW",10303,8175
"GTW",10354,4633
"HAW",705,10005
"HAW",754,4915
"HAW",913,7848
"HAW",958,804
"HAW",970,6167
"HAW",1048,2949
"HAW",1093,8519
"HAW",1195,2079
"HAW",1276,7329
"HAW",1303,4104
"HAW",1683,1809
"HAW",1726,5815
"HAW",1841,8957
"HAW",1855,5251
"HAW",1915,2947
"HAW",1962,9461
"HAW",1971,4329
"HAW",2000,8330
"HAW",2098,1163
"HAW",2338,7520
"HAW",2665,7580
"HAW",2714,4950
"HAW",2908,1923
"HAW",3000,3000
"HAW",3044,9079
"HAW",3046,4039
"HAW",3074,1322
"HAW",3090,9844
"HAW",3159,7841
"HAW",3535,5728
"HAW",3761,9256
"HAW",3906,3673
"HAW",3967,4869
"HAW",3979,1831
"HAW",4066,7906
"HAW",4075,3207
"HAW",4082,6160
"HAW",4103,961
"HAW",4151,10466
"HAW",4265,7179
"HAW",4799,888
"HAW",4831,6086
"HAW",4891,6989
"HAW",4953,4266
"HAW",4980,3128
"HAW",5000,10000
"HAW",5005,9090
"HAW",5062,2042
"HAW",5083,4935
"HAW",5220,8000
"HAW",5744,1114
"HAW",5773,6922
"HAW",5872,4486
"HAW",5873,5728
"HAW",5918,3953
"HAW",6049,2152
"HAW",6070,3144
"HAW",6099,9696
"HAW",6124,9116
"HAW",6150,8010
"HAW",6570,8000
"HAW",6690,1077
"HAW",6746,5946
"HAW",6899,2903
"HAW",6915,1999
"HAW",6923,4455
"HAW",6982,7149
"HAW",6997,4180
"HAW",7028,10086
"HAW",7086,9028
"HAW",7461,4637
"HAW",7576,7775
"HAW",7666,2865
"HAW",7720,4211
"HAW",7870,6292
"HAW",7888,7528
"HAW",7923,901
"HAW",7944,10537
"HAW",8185,1726
"HAW",8275,8607
"HAW",8424,8793
"HAW",8451,2962
"HAW",8640,10429
"HAW",8870,4643
"HAW",8876,5863
"HAW",8931,1041
"HAW",9089,6498
"HAW",9308,9342
"HAW",9344,4321
"HAW",9464,2124
"HAW",9574,4509
"HAW",9647,9812
"HAW",9687,3464
"HAW",9808,2107
"HAW",10000,6230
"HAW",10165,3988
"HAW",10255,1073
"HAW",10334,6065
"HBB",-157,7081
"HBB",470,6018
"HBB",748,3627
"HBB",751,532
"HBB",800,2007
"HBB",846,3246
"HBB",1179,4981
"HBB",1551,7903
"HBB",1713,7799
"HBB",1805,4482
"HBB",1868,4788
"HBB",2161,505
"HBB",3091,5317
"HBB",3200,5935
"HBB",3340,988
"HBB",3410,6290
"HBB",3480,700
"HBB",3494,2715
"HBB",3506,6285
"HBB",4514,6279
"HBB",4627,1348
"HBB",5020,1440
"HBB",5237,5148
"HBB",5328,5912
"HBB",5830,5294
"HBB",5864,1034
"HBB",5882,6243
"HBB",6748,5197
"HBB",7060,2000
"HBB",7104,8892
"HBB",7196,7958
"HBB",7390,6979
"HBB",7430,8020
"HBB",7587,1850
"HBB",7689,4122
"HBB",8036,2743
"HBB",8671,2724
"HBB",8905,4673
"HBB",9199,5448
"HBB",9450,10260
"HBB",9520,3000
"HBB",9565,5870
"HBB",9726,6924
"HBB",9805,4599
"HBB",9892,5981
"HBB",9950,1966
"HBB",10000,1360
"HBB",10154,5538
"HBB",10352,7142
"HBB",10509,7435
"HPB",-20,2412
"HPB",1,5035
"HPB",428,8485
"HPB",459,256
"HPB",709,14369
"HPB",941,6116
"HPB",979,18601
"HPB",998,3990
"HPB",1038,17562
"HPB",1161,19808
"HPB",1288,15598
"HPB",1344,16551
"HPB",1391,6917
"HPB",1397,3211
"HPB",1590,8000
"HPB",1598,10712
"HPB",1606,17113
"HPB",1800,19010
"HPB",1905,6074
"HPB",1983,8500
"HPB",1992,19780
"HPB",2035,2803
"HPB",2081,17941
"HPB",2096,5336
"HPB",2175,1640
"HPB",2224,3668
"HPB",2523,950
"HPB",2535,14172
"HPB",2554,10320
"HPB",2566,18696
"HPB",2730,17009
"HPB",2817,20411
"HPB",2931,15098
"HPB",2983,16490
"HPB",3008,17540
"HPB",3035,3885
"HPB",3056,5058
"HPB",3113,7140
"HPB",3140,2000
"HPB",3191,5683
"HPB",3314,8196
"HPB",3423,3121
"HPB",3594,1216
"HPB",3877,13830
"HPB",3878,4854
"HPB",3910,1893
"HPB",3980,10140
"HPB",3995,15150
"HPB",4052,2971
"HPB",4080,16320
"HPB",4086,6594
"HPB",4090,3994
"HPB",4162,6882
"HPB",4212,8139
"HPB",4286,17461
"HPB",4331,14154
"HPB",4366,17680
"HPB",4395,4208
"HPB",4411,4488
"HPB",4510,15009
"HPB",4528,15245
"HPB",4541,2735
"HPB",4745,1630
"HPB",4794,14124
"HPB",4895,18134
"HPB",5106,9601
"HPB",5127,9652
"HTM",322,1471
"HTM",756,8709
"HTM",787,6656
"HTM",972,10790
"HTM",1000,7590
"HTM",1165,7041
"HTM",1544,4425
"HTM",1665,676
"HTM",2141,3735
"HTM",2245,4779
"HTM",2431,9291
"HTM",2617,5321
"HTM",2671,7810
"HTM",2944,5777
"HTM",3046,2438
"HTM",3130,4452
"HTM",3153,1129
"HTM",3632,6309
"HTM",3644,8259
"HTM",3761,6753
"HTM",4000,1090
"HTM",4026,9054
"HTM",4191,1233
"HTM",4254,6841
"HTM",4954,934
"HTM",4986,4610
"HTM",5048,6015
"HTM",5210,8364
"HTM",5490,4442
"HTM",5579,10689
"HTM",5628,8785
"HTM",5665,2385
"HTM",6113,9360
"HTM",6180,8214
"HTM",6780,9000
"HTM",7177,3906
"HTM",7266,2743
"HTM",7282,1897
"HTM",7680,2446
"HTM",7907,1942
"HTM",8291,9756
"HTM",9119,2475
"HTM",9839,5399
"HTM",10802,10170
"HTM",11175,3428
"INM",-1430,7082
"INM",536,2687
"INM",703,9732
"INM",956,8910
"INM",1087,8825
"INM",1106,3854
"INM",1463,1840
"INM",1571,4312
"INM",1917,9965
"INM",2084,9796
"INM",2224,1918
"INM",2304,164
"INM",3258,9968
"INM",3417,1690
"INM",3461,2868
"INM",3626,4844
"INM",3702,799
"INM",3890,5385
"INM",3961,1155
"INM",4126,7031
"INM",4993,1200
"INM",5085,1517
"INM",5121,4577
"INM",5379,3033
"INM",6666,1271
"INM",6789,3603
"INM",7010,7000
"INM",7799,1209
"INM",7920,7999
"INM",8569,487
"INM",8952,3457
"INM",8969,1961
"INM",9000,5540
"INM",9123,4495
"INM",9521,2967
"INM",10031,4823
"INM",10056,3829
"INM",10124,10206
"INM",10289,7345
"LAR",965,1951
"LAR",1262,935
"LAR",1360,4825
"LAR",1373,6748
"LAR",1446,4897
"LAR",1868,2137
"LAR",2152,3049
"LAR",2242,5140
"LAR",2587,3150
"LAR",2724,6769
"LAR",3276,11106
"LAR",3554,7889
"LAR",3653,6486
"LAR",3756,5709
"LAR",3828,5689
"LAR",4387,8514
"LAR",4390,9873
"LAR",4738,8502
"LAR",5499,3746
"LAR",5556,8775
"LAR",5612,8496
"LAR",6051,8859
"LAR",6075,3859
"LAR",6360,2624
"LAR",6950,9027
"LAR",7046,472
"LAR",7640,9429
"LAR",8076,1331
"LAR",8252,10063
"LAR",8278,8321
"LAR",8573,9106
"LAR",8756,9452
"LAR",9289,6655
"LAR",9637,7461
"LBC",792,4813
"LBC",873,5859
"LBC",963,3984
"LBC",1042,764
"LBC",1060,6716
"LBC",1064,3028
"LBC",1197,8846
"LBC",1199,7833
"LBC",1202,10147
"LBC",1282,1897
"LBC",1730,4868
"LBC",1771,984
"LBC",1852,9189
"LBC",2020,9965
"LBC",2032,4051
"LBC",2050,7925
"LBC",2075,3027
"LBC",2087,1508
"LBC",2129,5835
"LBC",2156,7090
"LBC",2634,867
"LBC",2710,3922
"LBC",2793,9860
"LBC",2850,1740
"LBC",2862,7220
"LBC",2948,8705
"LBC",2972,3158
"LBC",3027,4925
"LBC",3196,7686
"LBC",3207,5612
"LBC",3802,8802
"LBC",3839,1558
"LBC",3868,7952
"LBC",3935,9474
"LBC",3980,3001
"LBC",3997,4020
"LBC",4105,1323
"LBC",4261,6710
"LBC",4415,5111
"LBC",4470,2236
"LBC",4974,751
"LBC",4975,7883
"LBC",4992,5029
"LBC",5000,5970
"LBC",5015,3058
"LBC",5017,3922
"LBC",5038,6897
"LBC",5123,9103
"LBC",5288,10278
"LBC",5947,9119
"LBC",5961,2046
"LBC",5965,5951
"LBC",5967,4938
"LBC",6000,7000
"LBC",6074,3228
"LBC",6119,10074
"LBC",6132,4137
"LBC",6207,7826
"LBC",6291,845
"LBC",6548,6621
"LBC",6660,6000
"LBC",6796,4127
"LBC",6883,5187
"LBC",7026,2054
"LBC",7026,2946
"LBC",7106,7944
"LBC",7327,875
"LBC",7330,9988
"LBC",7428,8524
"LBC",7829,7196
"LBC",7843,6087
"LBC",7864,8721
"LBC",8022,5620
"LBC",8031,4063
"LBC",8154,888
"LBC",8155,9720
"LBC",8269,7923
"LBC",8274,3122
"LBC",8283,1874
"LBC",8735,9948
"LBC",8817,2919
"LBC",8912,7121
"LBC",8981,4023
"LBC",8992,8080
"LBC",9038,5267
"LBC",9039,9277
"LBC",9209,1268
"LBC",9241,2319
"LBC",9270,6072
"LBC",9755,3206
"LBC",9774,6082
"LBC",9786,5129
"LBC",9834,7930
"LBC",9875,2217
"LBC",10154,9143
"LBC",10254,6946
"LBC",10350,10194
"LBC",10490,4017
"LHC",464,8066
"LHC",588,9845
"LHC",691,9836
"LHC",763,6485
"LHC",784,3895
"LHC",869,6476
"LHC",941,2012
"LHC",1043,958
"LHC",1170,5123
"LHC",1256,2955
"LHC",1526,6607
"LHC",1781,977
"LHC",1991,4900
"LHC",2024,2934
"LHC",2121,3629
"LHC",2335,1941
"LHC",2363,2207
"LHC",2532,11159
"LHC",2601,6751
"LHC",2847,7685
"LHC",2904,3028
"LHC",3021,4098
"LHC",3277,5039
"LHC",3353,4790
"LHC",3566,589
"LHC",3946,4059
"LHC",3981,3269
"LHC",4154,1888
"LHC",4185,1571
"LHC",4249,5881
"LHC",4437,4911
"LHC",4466,11625
"LHC",4804,2042
"LHC",4821,2735
"LHC",5208,1605
"LHC",5616,932
"LHC",5836,3309
"LHC",5980,2001
"LHC",6155,6507
"LHC",6160,3000
"LHC",6262,3698
"LHC",6548,8123
"LHC",6819,3813
"LHC",7007,6950
"LHC",7037,1176
"LHC",7476,6155
"LHC",7585,3280
"LHC",7829,6154
"LHC",7839,4192
"LHC",7850,8283
"LHC",7947,915
"LHC",7980,9035
"LHC",8017,6500
"LHC",8150,1587
"LHC",8947,4119
"LHC",8953,7552
"LHC",8962,8702
"LHC",9142,1320
"LHC",9201,6805
"LHC",9245,8764
"LHC",9274,5924
"LHC",9526,4879
"LHC",9976,2339
"LHC",10017,2784
"LHC",10158,7123
"LHC",10174,1699
"LHC",10241,4268
"LOP",-265,2562
"LOP",483,9054
"LOP",660,3117
"LOP",914,9948
"LOP",1295,5761
"LOP",1412,5809
"LOP",1576,6245
"LOP",1615,7667
"LOP",1807,2948
"LOP",2238,10429
"LOP",2924,2087
"LOP",2967,7115
"LOP",3126,5031
"LOP",3257,8381
"LOP",3380,10124
"LOP",3627,5934
"LOP",3681,3289
"LOP",3692,9968
"LOP",3833,7658
"LOP",4091,5265
"LOP",4138,652
"LOP",4154,3197
"LOP",4195,7439
"LOP",4641,2737
"LOP",4742,4891
"LOP",5000,7000
"LOP",5129,10153
"LOP",5145,8285
"LOP",5406,1371
"LOP",5424,4506
"LOP",5996,7210
"LOP",6090,5880
"LOP",6301,4324
"LOP",6395,3632
"LOP",6417,2597
"LOP",6550,8239
"LOP",6630,2751
"LOP",7093,5115
"LOP",7104,3892
"LOP",7162,5644
"LOP",7448,2502
"LOP",7500,9482
"LOP",7523,4950
"LOP",7721,8514
"LOP",7810,4329
"LOP",7897,8806
"LOP",8598,3279
"LOP",8921,9938
"LOP",8994,3840
"LOP",9139,1144
"LOP",9206,5657
"LOP",9342,6692
"LOP",9652,1963
"LOP",9660,7954
"LOP",9874,4589
"LOP",10083,6944
"LOP",10180,1003
"LOP",10591,2538
"LOP",10631,5843
"LPB",111,7031
"LPB",249,8399
"LPB",272,-40
"LPB",741,5250
"LPB",1557,9248
"LPB",2000,4000
"LPB",2050,4432
"LPB",2721,10486
"LPB",2756,1089
"LPB",3212,7525
"LPB",3223,9356
"LPB",3332,7426
"LPB",3390,2014
"LPB",3873,10442
"LPB",4000,7420
"LPB",4229,6024
"LPB",4250,5000
"LPB",4290,1804
"LPB",4554,10535
"LPB",4872,-836
"LPB",5207,9612
"LPB",5246,8828
"LPB",5249,6601
"LPB",5356,4240
"LPB",5609,6562
"LPB",5678,7201
"LPB",5927,9586
"LPB",5935,3456
"LPB",6203,3070
"LPB",6539,3860
"LPB",6960,7227
"LPB",6983,9058
"LPB",7208,10072
"LPB",7292,1130
"LPB",7502,1710
"LPB",7521,8967
"LPB",7955,4220
"LPB",8230,9878
"LPB",8288,1970
"LPB",8427,8057
"LPB",8466,1296
"LPB",8807,9379
"LPB",9523,9110
"LPB",9585,7607
"LPB",9693,1492
"LPB",9888,10026
"LPB",10284,3940
"LPB",10556,3068
"LPB",11448,5230
"LULM",330,2988
"LULM",825,6956
"LULM",899,9839
"LULM",1147,8774
"LULM",1151,6098
"LULM",1184,898
"LULM",1190,5007
"LULM",1209,8022
"LULM",1225,3952
"LULM",1510,8859
"LULM",1622,10040
"LULM",1764,1352
"LULM",1825,5040
"LULM",2000,8190
"LULM",2073,5836
"LULM",2120,6992
"LULM",2165,4095
"LULM",2248,1035
"LULM",2652,3614
"LULM",2756,2921
"LULM",2793,5964
"LULM",2852,7551
"LULM",2923,7978
"LULM",2935,1262
"LULM",2944,8917
"LULM",3025,4924
"LULM",3113,1606
"LULM",3219,9879
"LULM",3280,3175
"LULM",3827,3167
"LULM",3832,9439
"LULM",3903,5899
"LULM",3925,4870
"LULM",3947,1162
"LULM",4099,9815
"LULM",4127,6762
"LULM",4249,8232
"LULM",4404,4327
"LULM",4439,1977
"LULM",4670,7000
"LULM",4693,5793
"LULM",4785,2724
"LULM",4963,1652
"LULM",5010,10099
"LULM",5048,5194
"LULM",5250,1009
"LULM",5334,8301
"LULM",5413,4119
"LULM",5718,746
"LULM",5759,10332
"LULM",5764,4470
"LULM",5878,6726
"LULM",6166,5787
"LULM",6175,8360
"LULM",6648,9858
"LULM",6679,2590
"LULM",6680,9554
"LULM",6757,2856
"LULM",7089,2133
"LULM",7530,6764
"LULM",7909,7427
"LULM",8000,390
"LULM",8034,6950
"LULM",8117,10057
"LULM",8133,3323
"LULM",8607,2679
"LULM",8837,10609
"LULM",9174,6883
"LULM",9265,7576
"LULM",9654,11065
"LULM",10152,471
"LULM",10257,3694
"LULM",10692,6338
"LULM",10796,5084
"MO2",221,7223
"MO2",370,10350
"MO2",818,944
"MO2",860,4615
"MO2",1221,5041
"MO2",1264,4497
"MO2",1389,5597
"MO2",1972,6914
"MO2",2137,868
"MO2",2223,6307
"MO2",2260,6057
"MO2",2390,7737
"MO2",2726,8906
"MO2",2900,7862
"MO2",2991,1270
"MO2",3036,5662
"MO2",3141,9669
"MO2",3155,7588
"MO2",3428,7515
"MO2",3967,9479
"MO2",4197,1734
"MO2",4249,3022
"MO2",4401,4281
"MO2",4647,4790
"MO2",4729,10252
"MO2",4887,4902
"MO2",4935,1526
"MO2",4992,9029
"MO2",5038,4358
"MO2",5043,5693
"MO2",5195,8599
"MO2",5237,2801
"MO2",5567,7060
"MO2",5590,10007
"MO2",5621,4541
"MO2",5701,5783
"MO2",6036,1187
"MO2",6500,7688
"MO2",6578,3051
"MO2",6918,10268
"MO2",6995,4260
"MO2",7233,9420
"MO2",7457,7952
"MO2",7822,8664
"MO2",8082,4074
"MO2",8295,4609
"MO2",8370,6994
"MO2",8387,10619
"MO2",8437,8054
"MO2",8484,8158
"MO2",8521,2620
"MO2",8617,6555
"MO2",8772,4898
"MO2",8832,6439
"MO2",8901,3297
"MO2",9046,3053
"MO2",9142,3060
"MO2",9333,1709
"MO2",9385,9890
"MO2",9849,2098
"MO2",9896,9489
"MO2",9900,7827
"MO2",9938,10190
"MO2",9992,5560
"MO2",10019,7046
"MO2",10109,983
"MO2",10335,5385
"MO2",10402,3777
"MOL",886,9988
"MOL",898,2905
"MOL",922,8983
"MOL",977,2044
"MOL",981,4159
"MOL",995,5860
"MOL",1045,5047
"MOL",1176,1114
"MOL",1198,8031
"MOL",1266,7160
"MOL",1715,9093
"MOL",1743,2694
"MOL",1863,3918
"MOL",1902,6915
"MOL",1917,1928
"MOL",1963,9886
"MOL",1991,5971
"MOL",2005,865
"MOL",2007,4900
"MOL",2075,8029
"MOL",2923,747
"MOL",2942,8013
"MOL",2964,5854
"MOL",2997,2090
"MOL",3000,5000
"MOL",3021,2966
"MOL",3025,7076
"MOL",3055,8941
"MOL",3160,3918
"MOL",3377,9755
"MOL",3513,9633
"MOL",3782,9142
"MOL",3803,6226
"MOL",3821,3016
"MOL",3836,4115
"MOL",3854,8088
"MOL",3964,1125
"MOL",4070,4698
"MOL",4128,6977
"MOL",4146,1638
"MOL",4430,8291
"MOL",4555,9409
"MOL",4815,6541
"MOL",5067,6251
"MOL",5083,5016
"MOL",5085,4085
"MOL",5093,9404
"MOL",5108,1981
"MOL",5132,1163
"MOL",5202,3058
"MOL",5517,5698
"MOL",5788,9788
"MOL",5954,2132
"MOL",5977,3019
"MOL",6035,928
"MOL",6085,4053
"MOL",6085,4931
"MOL",6442,8127
"MOL",6502,9502
"MOL",6561,9168
"MOL",6627,4767
"MOL",6956,933
"MOL",6990,9931
"MOL",6992,2090
"MOL",7093,4285
"MOL",7130,5991
"MOL",7158,2894
"MOL",7563,4054
"MOL",7577,5681
"MOL",7696,2696
"MOL",7804,9641
"MOL",7960,2175
"MOL",7976,9731
"MOL",8175,903
"MOL",8201,5334
"MOL",8263,7276
"MOL",8378,5420
"MOL",8608,7395
"MOL",8689,9689
"MOL",8828,1880
"MOL",8831,4508
"MOL",8898,3335
"MOL",8943,4213
"MOL",8995,4177
"MOL",9023,7329
"MOL",9091,1296
"MOL",9156,9428
"MOL",9300,2012
"MOL",9415,3546
"MOL",9713,8799
"MOL",9743,9959
"MOL",9776,6681
"MOL",9836,6711
"MOL",9885,965
"MOO",417,6650
"MOO",835,8297
"MOO",896,4271
"MOO",946,1974
"MOO",969,1039
"MOO",1051,5141
"MOO",1166,5787
"MOO",1249,9105
"MOO",1263,9904
"MOO",1270,3433
"MOO",1826,3327
"MOO",1838,9760
"MOO",1859,5746
"MOO",1862,6447
"MOO",2041,4165
"MOO",2077,9269
"MOO",2087,7978
"MOO",2134,5199
"MOO",2639,1285
"MOO",2781,4977
"MOO",2820,688
"MOO",2849,3174
"MOO",2879,8088
"MOO",3060,10284
"MOO",3076,6975
"MOO",3209,3799
"MOO",3212,6291
"MOO",3459,2032
"MOO",3638,8569
"MOO",3787,6053
"MOO",3811,7452
"MOO",3875,4705
"MOO",3930,9666
"MOO",4086,4110
"MOO",4186,7040
"MOO",4323,2555
"MOO",4493,1220
"MOO",4591,3971
"MOO",4792,8880
"MOO",4839,5442
"MOO",4846,2246
"MOO",4944,6818
"MOO",4956,8205
"MOO",5094,5966
"MOO",5253,2942
"MOO",5553,10088
"MOO",5828,3779
"MOO",5945,6715
"MOO",5948,3245
"MOO",6118,1308
"MOO",6139,6299
"MOO",6165,4714
"MOO",6195,1878
"MOO",6320,8858
"MOO",6391,6676
"MOO",6627,5073
"MOO",6650,8023
"MOO",6679,5837
"MOO",7046,3923
"MOO",7048,2985
"MOO",7102,2228
"MOO",7222,8421
"MOO",7339,1212
"MOO",7356,10056
"MOO",7772,6747
"MOO",7788,673
"MOO",7824,4457
"MOO",7837,5098
"MOO",8181,9760
"MOO",8269,5972
"MOO",8352,2925
"MOO",8352,8662
"MOO",8475,9291
"MOO",8573,2172
"MOO",8615,5939
"MOO",8918,10422
"MOO",8919,2486
"MOO",8934,4231
"MOO",9101,4851
"MOO",9281,8070
"MOO",9325,6869
"MOO",9497,536
"MOO",9698,6653
"MOO",9827,7900
"MOO",9889,5115
"MOO",9937,3779
"MOO",10355,5529
"MOO",10381,10368
"MOO",10399,9475
"MOO",11399,2049
"MPH",770,9264
"MPH",782,9677
"MPH",914,6986
"MPH",1453,7562
"MPH",1722,2321
"MPH",1723,2708
"MPH",1795,4354
"MPH",1981,2006
"MPH",2093,394
"MPH",2256,9394
"MPH",2303,2896
"MPH",2341,5379
"MPH",2341,5379
"MPH",2428,9472
"MPH",2522,9084
"MPH",2664,7822
"MPH",2717,4304
"MPH",2760,949
"MPH",2775,3048
"MPH",3167,1801
"MPH",3200,7000
"MPH",3403,1687
"MPH",3583,7432
"MPH",3634,6812
"MPH",3916,9888
"MPH",4059,3375
"MPH",4268,9062
"MPH",4552,9498
"MPH",4704,10231
"MPH",5000,3000
"MPH",5054,2305
"MPH",5229,7328
"MPH",5263,3860
"MPH",5415,1513
"MPH",5783,8348
"MPH",5812,9741
"MPH",5933,3379
"MPH",6071,2404
"MPH",6208,3880
"MPH",6274,6835
"MPH",6327,9404
"MPH",6430,5284
"MPH",6503,7536
"MPH",6552,1897
"MPH",6563,1263
"MPH",6668,5711
"MPH",6923,3021
"MPH",6972,6772
"MPH",7050,4913
"MPH",7114,4256
"MPH",7376,2912
"MPH",7460,6009
"MPH",7663,8500
"MPH",7696,4941
"MPH",7949,8583
"MPH",8096,10198
"MPH",8466,3884
"MPH",8819,6059
"MPH",9180,5312
"MPH",9388,10041
"MPH",9392,6800
"MPH",9601,4699
"MPH",9657,4767
"MPH",10179,10324
"MPH",10835,8299
"MPH",12405,-333
"MPS",539,3300
"MPS",996,6880
"MPS",998,860
"MPS",1003,2100
"MPS",1078,4140
"MPS",1090,9156
"MPS",1098,5021
"MPS",1140,7922
"MPS",1169,9776
"MPS",1171,5804
"MPS",1816,6433
"MPS",1839,6945
"MPS",1872,5514
"MPS",1943,9906
"MPS",1971,9090
"MPS",1974,7924
"MPS",1980,1088
"MPS",1998,2870
"MPS",2026,2148
"MPS",2066,3977
"MPS",2686,2707
"MPS",2920,1279
"MPS",2967,9762
"MPS",2985,6952
"MPS",3000,4000
"MPS",3000,8000
"MPS",3060,8993
"MPS",3204,5082
"MPS",3348,6217
"MPS",3410,2007
"MPS",3624,1863
"MPS",3864,9030
"MPS",3935,8975
"MPS",3988,3931
"MPS",4010,8017
"MPS",4046,3132
"MPS",4046,7143
"MPS",4082,5874
"MPS",4139,5056
"MPS",4226,803
"MPS",4790,9012
"MPS",4903,1052
"MPS",4945,6043
"MPS",4960,3006
"MPS",4961,4881
"MPS",5000,7000
"MPS",5004,1880
"MPS",5046,7981
"MPS",5076,4048
"MPS",5589,3753
"MPS",5770,9193
"MPS",5820,1312
"MPS",5903,8071
"MPS",5946,5928
"MPS",5971,2040
"MPS",6008,3080
"MPS",6050,7003
"MPS",6103,4841
"MPS",6397,3335
"MPS",6411,9874
"MPS",6541,9756
"MPS",6768,4521
"MPS",6773,8377
"MPS",6786,6951
"MPS",6808,5839
"MPS",7063,8779
"MPS",7098,837
"MPS",7311,4862
"MPS",7447,1448
"MPS",7694,6579
"MPS",7861,6231
"MPS",7925,8080
"MPS",8038,10237
"MPS",8050,1235
"MPS",8057,2070
"MPS",8112,5084
"MPS",8315,9175
"MPS",8322,4290
"MPS",8729,641
"MPS",8733,8708
"MPS",8851,4213
"MPS",8894,9709
"MPS",8970,5712
"MPS",8992,8770
"MPS",9098,5021
"MPS",9197,2154
"MPS",9692,5606
"MPS",9717,1436
"MPS",9832,8126
"MPS",9870,2891
"MPS",10001,4070
"MPS",10105,2323
"MPS",10176,5218
"MPS",10257,7705
"MPS",10339,10024
"NO5",-1403,4689
"NO5",-890,5198
"NO5",1313,1324
"NO5",1980,430
"NO5",3764,958
"NO5",4405,465
"NO5",5000,4860
"NO5",5087,2950
"NO5",5250,-299
"NO5",5869,12387
"NO5",7975,1469
"NO5",8281,7585
"NO5",9170,3012
"NO5",11272,10795
"OB",660,5117
"OB",774,6774
"OB",911,6421
"OB",931,3960
"OB",981,3184
"OB",1074,10322
"OB",1121,9954
"OB",1144,7692
"OB",1166,9070
"OB",1208,1679
"OB",1433,4427
"OB",1610,2234
"OB",1788,6002
"OB",1813,2095
"OB",2086,1169
"OB",2403,5535
"OB",2581,1536
"OB",2839,8971
"OB",2868,2048
"OB",2925,4920
"OB",3121,4049
"OB",3130,3357
"OB",3163,8076
"OB",3240,6593
"OB",3488,7043
"OB",3589,9603
"OB",3958,7877
"OB",3964,3093
"OB",3974,8914
"OB",3992,7220
"OB",3992,10090
"OB",4048,5132
"OB",4050,1997
"OB",4085,4159
"OB",4205,6205
"OB",4436,1671
"OB",4565,7931
"OB",4706,3809
"OB",4896,9964
"OB",4903,6978
"OB",4910,2995
"OB",5075,5066
"OB",5190,5671
"OB",5386,5086
"OB",5469,1623
"OB",5552,2179
"OB",5769,4139
"OB",5871,9696
"OB",5899,1293
"OB",6000,2000
"OB",6098,3139
"OB",6175,5926
"OB",6641,9975
"OB",6650,7011
"OB",6825,6960
"OB",6860,2054
"OB",6895,3004
"OB",6992,5150
"OB",7000,4000
"OB",7006,9110
"OB",7020,6014
"OB",7148,1317
"OB",7304,5773
"OB",7592,8165
"OB",7689,8211
"OB",7705,5875
"OB",7853,2897
"OB",7946,6823
"OB",7967,9073
"OB",8000,10000
"OB",8503,3052
"OB",8517,3915
"OB",8673,1875
"OB",9027,8782
"OB",9094,9910
"OB",9116,8059
"OB",9507,7868
"OB",9643,6289
"OB",9982,8851
"OB",10201,9791
"PCH",51,2805
"PCH",108,2677
"PCH",116,3231
"PCH",161,3052
"PCH",854,2211
"PCH",1225,1069
"PCH",1275,76
"PCH",1367,1961
"PCH",1425,130
"PCH",1555,2347
"PCH",1602,2336
"PCH",1715,285
"PCH",1728,2180
"PCH",1832,2467
"PCH",1971,3611
"PCH",1972,3630
"PCH",2000,3700
"PCH",2140,3087
"PCH",2157,3030
"PCH",2422,2691
"PEA",373,7066
"PEA",648,2704
"PEA",707,8727
"PEA",1238,8382
"PEA",1394,4504
"PEA",1518,10376
"PEA",1580,1811
"PEA",1621,4548
"PEA",1656,3621
"PEA",1785,1628
"PEA",2048,9901
"PEA",2065,3759
"PEA",2123,7495
"PEA",2271,7510
"PEA",2308,8856
"PEA",2653,8302
"PEA",2836,1240
"PEA",2870,8775
"PEA",2879,9433
"PEA",3394,7355
"PEA",3839,7656
"PEA",3842,8975
"PEA",4103,9829
"PEA",4417,2194
"PEA",4457,4176
"PEA",4472,7657
"PEA",4806,3103
"PEA",5511,10295
"PEA",5559,3607
"PEA",5674,2152
"PEA",5852,4189
"PEA",5968,4631
"PEA",6264,7326
"PEA",6324,3929
"PEA",6424,755
"PEA",6825,5303
"PEA",7671,1120
"PEA",8035,8501
"PEA",8115,5836
"PEA",8523,6254
"PEA",8594,4558
"PEA",8597,6236
"PEA",8622,3099
"PEA",8645,6606
"PEA",8663,4254
"PEA",8727,8323
"PEA",8861,4701
"PEA",9014,10270
"PEA",9287,8116
"PEA",9691,5022
"PEA",9952,2613
"PEA",9959,2468
"PEA",10332,1241
"PEA",10671,10995
"PEA",10684,2767
"PHA",802,2904
"PHA",832,3911
"PHA",833,7199
"PHA",957,1048
"PHA",1172,6689
"PHA",1612,10431
"PHA",1751,4532
"PHA",1841,782
"PHA",1887,6788
"PHA",2154,1128
"PHA",2155,4279
"PHA",2241,8668
"PHA",2426,10175
"PHA",2448,7921
"PHA",2655,8559
"PHA",2745,1558
"PHA",2821,7247
"PHA",2922,4555
"PHA",2959,7963
"PHA",3000,4740
"PHA",3011,6310
"PHA",3774,4918
"PHA",3915,7147
"PHA",4000,50
"PHA",4062,8085
"PHA",4077,10099
"PHA",4450,4260
"PHA",4601,5894
"PHA",4611,6020
"PHA",4850,7565
"PHA",4892,10280
"PHA",5102,5408
"PHA",5314,7349
"PHA",5368,10096
"PHA",5589,3531
"PHA",5721,7782
"PHA",5729,6170
"PHA",5786,5238
"PHA",5916,10599
"PHA",5957,3754
"PHA",6267,7194
"PHA",6297,1591
"PHA",6681,527
"PHA",6918,5578
"PHA",6974,8935
"PHA",7066,1925
"PHA",7073,4836
"PHA",7089,4016
"PHA",7171,8154
"PHA",7236,2919
"PHA",7261,6900
"PHA",7587,7202
"PHA",7678,10047
"PHA",7767,9942
"PHA",7814,8167
"PHA",8000,6310
"PHA",8033,4531
"PHA",8070,9281
"PHA",8135,4000
"PHA",8219,2379
"PHA",8274,3134
"PHA",8570,4985
"PHA",8839,7822
"PHA",8854,4122
"PHA",8959,8949
"PHA",9000,2840
"PHA",9008,6220
"PHA",9117,7150
"PHA",9543,10366
"PHA",9808,7945
"PHA",9831,5868
"PHA",9918,3887
"PHA",9989,9785
"PHA",10059,7046
"PHA",10123,2495
"PHA",10266,4953
"PHA",10279,2980
"PK",535,5518
"PK",1055,2553
"PK",1167,2199
"PK",1239,11125
"PK",1432,4583
"PK",1629,1307
"PK",1905,4165
"PK",1992,1880
"PK",2000,6600
"PK",2196,1060
"PK",2786,736
"PK",3027,1832
"PK",3120,3160
"PK",3683,1563
"PK",4103,3922
"PK",5260,797
"PK",5340,5117
"PK",5382,5389
"PK",5715,133
"PK",5931,5928
"PK",6046,5053
"PK",6272,13496
"PK",6512,6600
"PK",6521,4901
"PK",6612,6903
"PK",6855,5738
"PK",6901,4990
"PK",6934,6227
"PK",7048,3015
"PK",7525,7297
"PK",9333,1459
"PK",9545,5354
"PK",9623,5547
"PK",9711,5980
"PK",9905,5102
"PK",10401,1446
"PK",10666,6930
"PK",10890,8189
"PK",11046,3628
"PK",11245,8856
"PK",11438,9299
"PMS",601,7870
"PMS",780,2381
"PMS",788,6291
"PMS",839,6505
"PMS",963,4428
"PMS",1165,4773
"PMS",1391,6043
"PMS",1447,855
"PMS",1563,858
"PMS",1970,5001
"PMS",2134,4149
"PMS",2176,7436
"PMS",2254,9479
"PMS",2375,7685
"PMS",2402,1686
"PMS",2499,8965
"PMS",2850,2055
"PMS",3000,1630
"PMS",3000,8000
"PMS",3028,4904
"PMS",3033,2843
"PMS",3080,4139
"PMS",3140,8793
"PMS",3198,5972
"PMS",3351,6281
"PMS",3414,10613
"PMS",3772,4102
"PMS",3924,1921
"PMS",4000,3380
"PMS",4094,8210
"PMS",4103,4806
"PMS",4188,6068
"PMS",4264,9686
"PMS",4385,6860
"PMS",4505,6930
"PMS",4608,5533
"PMS",4810,505
"PMS",5012,4973
"PMS",5327,10294
"PMS",5502,7443
"PMS",5694,5851
"PMS",5788,9455
"PMS",5868,9048
"PMS",5891,7620
"PMS",6148,8189
"PMS",6165,10160
"PMS",6492,4087
"PMS",6575,518
"PMS",6913,4508
"PMS",7000,4650
"PMS",7003,1030
"PMS",7030,8937
"PMS",7135,9964
"PMS",7190,1671
"PMS",7239,7979
"PMS",7250,8974
"PMS",7650,7000
"PMS",7755,8052
"PMS",7785,10372
"PMS",7987,2730
"PMS",8169,4938
"PMS",8217,7038
"PMS",8311,145
"PMS",8370,3289
"PMS",8646,4505
"PMS",8846,7171
"PMS",8913,3097
"PMS",8939,10115
"PMS",8970,6167
"PMS",9014,2592
"PMS",9672,2623
"PMS",9789,7507
"PMS",9941,4665
"PMS",9977,8852
"PMS",10017,7975
"PMS",10121,10526
"PMS",10690,6024
"PMS",10960,4000
"PPB",564,3532
"PPB",840,4700
"PPB",929,1109
"PPB",1000,10000
"PPB",1092,6529
"PPB",1254,8718
"PPB",1268,2791
"PPB",1282,8190
"PPB",1376,5848
"PPB",1507,9370
"PPB",1570,2020
"PPB",1710,710
"PPB",1834,2962
"PPB",2049,8276
"PPB",2374,4191
"PPB",2379,6967
"PPB",2541,1024
"PPB",2669,2793
"PPB",2773,5894
"PPB",2781,7781
"PPB",2965,4248
"PPB",3068,4616
"PPB",3180,2214
"PPB",3329,2512
"PPB",3394,8645
"PPB",3680,2080
"PPB",3941,4375
"PPB",4044,4795
"PPB",4094,6560
"PPB",4476,1183
"PPB",4677,10273
"PPB",4937,5935
"PPB",4965,2859
"PPB",5000,10000
"PPB",5031,6884
"PPB",5053,2027
"PPB",5070,8719
"PPB",5179,5552
"PPB",5272,8205
"PPB",5437,4559
"PPB",5489,2176
"PPB",5840,9880
"PPB",5925,6130
"PPB",5963,4471
"PPB",6000,1000
"PPB",6000,3000
"PPB",6000,8000
"PPB",6021,8801
"PPB",6040,3672
"PPB",6500,4857
"PPB",6675,7437
"PPB",6932,1199
"PPB",6989,10109
"PPB",7157,4232
"PPB",7176,6615
"PPB",7201,2713
"PPB",7293,1899
"PPB",7340,3683
"PPB",7372,9215
"PPB",7375,6941
"PPB",7821,6978
"PPB",7870,6399
"PPB",7926,10228
"PPB",8061,9126
"PPB",8128,5044
"PPB",8156,1454
"PPB",8217,8299
"PPB",8612,5625
"PPB",8703,4475
"PPB",8816,7954
"PPB",8988,941
"PPB",9017,9953
"PPB",9077,8908
"PPB",9185,6764
"PPB",9425,9444
"PPB",9516,2909
"PPB",9774,8306
"PPB",9785,8276
"PPB",9860,6207
"PPB",10013,7180
"PPB",10813,5362
"PVB",282,5050
"PVB",353,5684
"PVB",470,7282
"PVB",1141,1095
"PVB",1982,3470
"PVB",2254,3054
"PVB",2652,3253
"PVB",2930,4879
"PVB",3308,4342
"PVB",3414,4168
"PVB",3465,6195
"PVB",3527,8917
"PVB",3883,5150
"PVB",3950,6292
"PVB",3975,3117
"PVB",4154,3308
"PVB",4421,9694
"PVB",4911,5016
"PVB",4944,8139
"PVB",5050,5925
"PVB",5401,4958
"PVB",5621,5967
"PVB",6264,7377
"PVB",6597,6597
"PVB",8080,4412
"PVB",8711,1164
"PVB",8870,708
"QB42",489,8176
"QB42",823,4810
"QB42",955,3638
"QB42",1000,4000
"QB42",1069,9990
"QB42",1197,8862
"QB42",1347,7155
"QB42",1372,5827
"QB42",1862,1348
"QB42",1887,6902
"QB42",2000,4000
"QB42",2000,10000
"QB42",2006,8840
"QB42",2134,8087
"QB42",2304,5566
"QB42",2531,3801
"QB42",2703,3530
"QB42",2735,7052
"QB42",2764,5463
"QB42",2880,9208
"QB42",2953,10121
"QB42",3000,2000
"QB42",3184,816
"QB42",3184,2862
"QB42",3238,7967
"QB42",3304,5871
"QB42",3633,5865
"QB42",3902,7983
"QB42",3984,7940
"QB42",4000,3000
"QB42",4203,2234
"QB42",4492,2956
"QB42",4557,8610
"QB42",4604,1392
"QB42",4663,9553
"QB42",4772,5589
"QB42",4872,1555
"QB42",4934,5374
"QB42",5000,2000
"QB42",5000,7000
"QB42",5258,8631
"QB42",5305,9946
"QB42",5492,4644
"QB42",5552,1828
"QB42",5583,7650
"QB42",6000,1000
"QB42",6000,4430
"QB42",6000,8000
"QB42",6000,10000
"QB42",6047,7121
"QB42",6098,3230
"QB42",6196,6326
"QB42",6260,9005
"QB42",6745,3950
"QB42",6805,6439
"QB42",6856,6692
"QB42",6864,4645
"QB42",6924,2249
"QB42",7000,1000
"QB42",7000,10000
"QB42",7029,3208
"QB42",7061,8201
"QB42",7155,9126
"QB42",7487,4585
"QB42",7931,1647
"QB42",7954,9816
"QB42",8000,6000
"QB42",8000,7000
"QB42",8000,8000
"QB42",8000,9000
"QB42",8036,3093
"QB42",8164,3877
"QB42",8192,945
"QB42",8691,3973
"QB42",8853,6425
"QB42",8912,1109
"QB42",8934,6769
"QB42",8967,2905
"QB42",9022,1821
"QB42",9030,9752
"QB42",9102,4761
"QB42",9109,9130
"QB42",9121,7781
"QB42",9525,1399
"QB42",9773,4922
"QB42",9804,3100
"QB42",9878,2628
"QB42",9952,6132
"QB42",10052,4331
"QHS",427,5209
"QHS",589,6183
"QHS",804,8042
"QHS",868,4048
"QHS",938,7079
"QHS",962,2642
"QHS",974,1985
"QHS",981,8731
"QHS",1055,10150
"QHS",1437,1109
"QHS",1762,9127
"QHS",1794,2755
"QHS",1872,4943
"QHS",1878,6956
"QHS",2019,2007
"QHS",2044,10175
"QHS",2060,7994
"QHS",2063,4078
"QHS",2116,5534
"QHS",2576,2590
"QHS",2712,10030
"QHS",2872,8977
"QHS",2964,1743
"QHS",3089,6133
"QHS",3102,7959
"QHS",3119,3926
"QHS",3235,914
"QHS",3246,6685
"QHS",3593,5240
"QHS",3718,10190
"QHS",3771,7237
"QHS",3840,4000
"QHS",3846,1956
"QHS",3894,2944
"QHS",3951,4890
"QHS",3959,9091
"QHS",3990,6049
"QHS",4013,7810
"QHS",4093,1058
"QHS",4756,2944
"QHS",4820,5938
"QHS",4841,9061
"QHS",4903,4899
"QHS",4968,9895
"QHS",4994,981
"QHS",5082,8057
"QHS",5130,7378
"QHS",5207,4033
"QHS",5216,1516
"QHS",5880,5002
"QHS",5961,7045
"QHS",5985,7987
"QHS",6000,2330
"QHS",6038,5953
"QHS",6042,8932
"QHS",6059,1008
"QHS",6132,10046
"QHS",6238,2786
"QHS",6247,3961
"QHS",6755,4048
"QHS",6766,9865
"QHS",6808,1945
"QHS",6987,4921
"QHS",7055,2929
"QHS",7095,5847
"QHS",7105,9058
"QHS",7131,7151
"QHS",7158,1138
"QHS",7417,8051
"QHS",7660,10000
"QHS",7833,8970
"QHS",7940,4004
"QHS",7952,5924
"QHS",7963,7907
"QHS",8077,7092
"QHS",8139,1144
"QHS",8158,3815
"QHS",8160,5058
"QHS",8481,1676
"QHS",8844,7910
"QHS",8866,1913
"QHS",8949,9141
"QHS",8982,6129
"QHS",8982,7169
"QHS",8995,970
"QHS",9017,9989
"QHS",9022,4751
"QHS",9087,3022
"QHS",9169,4062
"QHS",9601,9130
"QHS",9760,6931
"QHS",9817,5948
"QHS",9841,8017
"QHS",10028,4936
"QHS",10144,3861
"QHS",10188,9932
"QHS",10194,2103
"QHS",10204,3082
"QHS",10275,752
"QHW",740,5415
"QHW",858,563
"QHW",903,4899
"QHW",956,9977
"QHW",958,3804
"QHW",971,2591
"QHW",1061,1885
"QHW",1212,9339
"QHW",1254,5534
"QHW",1356,8102
"QHW",1468,7906
"QHW",1533,6827
"QHW",1724,3910
"QHW",1767,627
"QHW",1895,2323
"QHW",2031,8853
"QHW",2115,3035
"QHW",2118,4908
"QHW",2127,10079
"QHW",2805,8201
"QHW",2940,7243
"QHW",2971,863
"QHW",3000,9000
"QHW",3050,5235
"QHW",3066,1876
"QHW",3159,3085
"QHW",3197,9846
"QHW",3202,3620
"QHW",3256,5886
"QHW",3898,3064
"QHW",3936,3898
"QHW",4006,1840
"QHW",4026,5054
"QHW",4029,9972
"QHW",4037,8016
"QHW",4045,8889
"QHW",4067,5940
"QHW",4099,933
"QHW",4127,6973
"QHW",4554,1937
"QHW",4830,8717
"QHW",4852,1189
"QHW",4921,9659
"QHW",4997,4900
"QHW",5035,6019
"QHW",5085,3181
"QHW",5207,4174
"QHW",5230,8122
"QHW",5381,6576
"QHW",5877,8170
"QHW",5910,9000
"QHW",5920,2060
"QHW",5976,4138
"QHW",6023,671
"QHW",6034,9989
"QHW",6120,5792
"QHW",6210,3153
"QHW",6289,5020
"QHW",6567,6940
"QHW",6780,4008
"QHW",6892,6019
"QHW",6969,1984
"QHW",6995,6981
"QHW",7028,2988
"QHW",7031,10147
"QHW",7168,8751
"QHW",7189,1020
"QHW",7407,2760
"QHW",7471,5135
"QHW",7497,8299
"QHW",7788,8132
"QHW",7904,6885
"QHW",7951,4050
"QHW",8026,5946
"QHW",8058,4726
"QHW",8071,9916
"QHW",8213,9057
"QHW",8327,1046
"QHW",8394,1763
"QHW",8779,8828
"QHW",8910,10144
"QHW",8920,3320
"QHW",8991,4250
"QHW",9056,4777
"QHW",9111,431
"QHW",9123,7662
"QHW",9173,7050
"QHW",9397,6211
"QHW",9406,1784
"QHW",9680,5410
"QHW",9703,2958
"QHW",9977,8781
"QHW",10041,6898
"QHW",10053,4162
"QHW",10116,8404
"QHW",10126,5969
"QHW",10174,1807
"QHW",10259,10027
"QP",-11,-392
"QP",413,10529
"QP",803,9184
"QP",1671,2506
"QP",1842,10153
"QP",2000,9000
"QP",2333,1825
"QP",2379,8522
"QP",2431,5076
"QP",3000,2000
"QP",3090,1223
"QP",3247,3990
"QP",3261,5127
"QP",3380,8978
"QP",3619,5780
"QP",4022,1419
"QP",4031,8218
"QP",4052,7097
"QP",4084,1876
"QP",4163,5473
"QP",4234,3218
"QP",4729,6252
"QP",4811,10548
"QP",4820,5108
"QP",5000,1000
"QP",5075,2196
"QP",5509,4095
"QP",5572,4143
"QP",5587,7938
"QP",5712,9860
"QP",5831,4776
"QP",5890,9247
"QP",6000,3040
"QP",6287,1827
"QP",6335,1385
"QP",6591,10094
"QP",6615,6537
"QP",6802,4969
"QP",6940,8340
"QP",7035,9506
"QP",7073,3090
"QP",7202,4268
"QP",7245,5802
"QP",7358,1159
"QP",7482,5596
"QP",7525,6898
"QP",7525,6898
"QP",7567,8740
"QP",7762,2894
"QP",7900,2261
"QP",7920,10508
"QP",7962,941
"QP",8099,8212
"QP",8164,6123
"QP",8433,4339
"QP",8513,2932
"QP",8712,10217
"QP",8750,1655
"QP",8780,1327
"QP",8867,7049
"QP",9198,9031
"QP",9417,8127
"QP",9692,8658
"QP",9877,3897
"QP",9956,4583
"QP",9956,4583
"QP",10437,10109
"RPM",436,7795
"RPM",869,2236
"RPM",927,5304
"RPM",1030,4421
"RPM",1075,9207
"RPM",1098,9849
"RPM",1117,6924
"RPM",1149,3013
"RPM",1193,948
"RPM",1297,3880
"RPM",1685,2825
"RPM",1706,10191
"RPM",2007,5920
"RPM",2012,5350
"RPM",2028,8822
"RPM",2047,1795
"RPM",2057,8041
"RPM",2161,7192
"RPM",2264,4056
"RPM",2336,947
"RPM",2408,1315
"RPM",2587,8850
"RPM",2805,6561
"RPM",2815,5075
"RPM",2978,9903
"RPM",3028,2681
"RPM",3066,5976
"RPM",3188,2386
"RPM",3359,4090
"RPM",3383,7853
"RPM",3675,5099
"RPM",3733,10136
"RPM",3782,2824
"RPM",3963,2047
"RPM",3970,5752
"RPM",3971,8127
"RPM",4007,8810
"RPM",4072,6904
"RPM",4100,1000
"RPM",4163,3902
"RPM",4360,653
"RPM",4604,7712
"RPM",4657,4206
"RPM",4728,6127
"RPM",4799,9334
"RPM",4817,9919
"RPM",4859,1905
"RPM",5025,5117
"RPM",5037,6471
"RPM",5216,2792
"RPM",5328,6328
"RPM",5624,6706
"RPM",5678,3863
"RPM",5775,1241
"RPM",5892,10180
"RPM",6029,8762
"RPM",6089,3095
"RPM",6195,5554
"RPM",6208,1971
"RPM",6325,5099
"RPM",6368,3569
"RPM",6544,9114
"RPM",6597,2242
"RPM",6662,8228
"RPM",6822,5336
"RPM",6960,9955
"RPM",7075,7859
"RPM",7101,4965
"RPM",7265,4593
"RPM",7278,1029
"RPM",7356,1815
"RPM",7720,1108
"RPM",7775,7267
"RPM",8000,10660
"RPM",8066,9075
"RPM",8079,8645
"RPM",8355,6795
"RPM",8660,1012
"RPM",8917,3257
"RPM",9951,11389
"RPM",10078,1290
"RPM",11290,4977
"SBB",610,2443
"SBB",902,7849
"SBB",931,9344
"SBB",968,8071
"SBB",1005,1900
"SBB",1017,6680
"SBB",1196,1314
"SBB",1638,8077
"SBB",1775,5342
"SBB",1900,7261
"SBB",2060,2036
"SBB",2066,6093
"SBB",2111,2554
"SBB",2161,1055
"SBB",2199,8350
"SBB",2543,7148
"SBB",2748,6360
"SBB",2871,2483
"SBB",3008,3530
"SBB",3042,8478
"SBB",3246,2846
"SBB",3247,1039
"SBB",3468,3094
"SBB",3534,4502
"SBB",3713,5410
"SBB",3981,8890
"SBB",4150,4260
"SBB",4192,4263
"SBB",4252,8545
"SBB",4875,2683
"SBB",4933,2356
"SBB",5165,7714
"SBB",5184,10154
"SBB",5247,6869
"SBB",5330,9000
"SBB",5910,9266
"SBB",5992,1540
"SBB",6076,8726
"SBB",6687,297
"SBB",7008,9430
"SBB",7151,2466
"SBB",7759,10268
"SBB",8213,4872
"SBB",8610,9964
"SBB",8735,2383
"SBB",9494,11391
"SBB",9685,5146
"SBB",10174,3883
"SBB",10324,3790
"SDW",-237,2914
"SDW",-134,5119
"SDW",-111,10900
"SDW",-109,3844
"SDW",1214,1528
"SDW",1259,7973
"SDW",1708,9723
"SDW",1778,9716
"SDW",1936,6607
"SDW",1970,1894
"SDW",2374,9867
"SDW",2416,8604
"SDW",2494,8263
"SDW",2543,952
"SDW",2590,1000
"SDW",2928,5880
"SDW",2944,4777
"SDW",3356,1898
"SDW",3466,9116
"SDW",3481,4790
"SDW",4307,5957
"SDW",4889,9858
"SDW",5129,5178
"SDW",5131,3719
"SDW",5443,8922
"SDW",5620,5978
"SDW",5830,9477
"SDW",5910,8144
"SDW",6156,4368
"SDW",6199,8574
"SDW",6697,9825
"SDW",6915,7136
"SDW",7086,7765
"SDW",7095,9165
"SDW",7147,6085
"SDW",7563,6891
"SDW",7852,4317
"SDW",8730,4615
"SDW",9036,3875
"SDW",9409,3368
"SDW",9628,665
"SDW",9882,6609
"SDW",10087,4266
"SDW",10090,7276
"SLB",482,8624
"SLB",640,4175
"SLB",727,10264
"SLB",853,2085
"SLB",881,5074
"SLB",947,787
"SLB",981,2892
"SLB",1064,7102
"SLB",1123,5662
"SLB",1380,9978
"SLB",1624,3137
"SLB",1965,4072
"SLB",1994,5670
"SLB",2043,4754
"SLB",2056,2058
"SLB",2195,1338
"SLB",2265,9459
"SLB",2271,7170
"SLB",2291,8244
"SLB",2435,7509
"SLB",2556,2373
"SLB",2724,8951
"SLB",2868,2730
"SLB",2915,5702
"SLB",2978,4021
"SLB",2991,4982
"SLB",3394,7931
"SLB",3567,10060
"SLB",3869,2675
"SLB",3897,7718
"SLB",4000,1750
"SLB",4000,1900
"SLB",4079,9076
"SLB",4089,7244
"SLB",4243,6118
"SLB",4299,4749
"SLB",4307,3793
"SLB",4853,1202
"SLB",4878,5274
"SLB",4906,10895
"SLB",4919,2941
"SLB",4958,1703
"SLB",5000,4000
"SLB",5000,6830
"SLB",5022,7923
"SLB",5094,6090
"SLB",5228,8898
"SLB",5662,8805
"SLB",5782,8031
"SLB",5908,3746
"SLB",6089,4867
"SLB",6105,2784
"SLB",6170,894
"SLB",6207,2307
"SLB",6502,6710
"SLB",6576,4775
"SLB",6780,6284
"SLB",6789,2061
"SLB",7002,3950
"SLB",7008,3120
"SLB",7009,5997
"SLB",7063,7065
"SLB",7411,10087
"SLB",7693,1400
"SLB",7781,2929
"SLB",8037,7176
"SLB",8197,1882
"SLB",8221,6315
"SLB",8338,4805
"SLB",8441,8345
"SLB",8778,8611
"SLB",8805,1614
"SLB",8838,10079
"SLB",8875,1239
"SLB",8959,9134
"SLB",9128,1977
"SLB",9312,7820
"SLB",9673,2174
"SLB",9802,2204
"SLB",10000,10390
"SLB",10070,8879
"SLB",10130,8005
"SMP",-242,447
"SMP",-212,9300
"SMP",276,8263
"SMP",517,3085
"SMP",785,2802
"SMP",894,4762
"SMP",1276,4090
"SMP",1502,5819
"SMP",1691,2836
"SMP",1692,1658
"SMP",1710,-164
"SMP",1939,3789
"SMP",2294,4830
"SMP",2370,4978
"SMP",2485,4072
"SMP",2515,6428
"SMP",2530,3647
"SMP",2593,12067
"SMP",3038,1642
"SMP",3383,1321
"SMP",4000,5000
"SMP",4061,655
"SMP",4338,2964
"SMP",4473,7319
"SMP",4611,9597
"SMP",4653,6845
"SMP",4677,555
"SMP",4928,3314
"SMP",5119,1983
"SMP",5138,1652
"SMP",5850,3704
"SMP",6129,3906
"SMP",6861,3015
"SMP",6948,2130
"SMP",7348,4765
"SMP",7522,3648
"SMP",7606,4113
"SMP",7659,4531
"SMP",7677,931
"SMP",7728,2512
"SMP",8452,-123
"SMP",9403,148
"SMP",9515,8928
"SMP",9856,6959
"SMP",9932,7032
"SMP",10021,11200
"SMP",11736,9121
"SMP",11826,2476
"SMW",772,9253
"SMW",787,4834
"SMW",822,6871
"SMW",906,1532
"SMW",1011,2840
"SMW",1043,6408
"SMW",1094,8378
"SMW",1126,4283
"SMW",1270,1628
"SMW",1448,9431
"SMW",1691,3022
"SMW",1947,3892
"SMW",1974,2188
"SMW",2014,4921
"SMW",2040,7006
"SMW",2084,5876
"SMW",2154,1112
"SMW",2364,9672
"SMW",2698,5552
"SMW",2732,791
"SMW",2832,2540
"SMW",2894,4146
"SMW",2937,10252
"SMW",3014,2129
"SMW",3067,4901
"SMW",3397,10090
"SMW",3675,4437
"SMW",3830,9877
"SMW",4169,3938
"SMW",4176,1929
"SMW",4274,1185
"SMW",4449,3031
"SMW",4943,5192
"SMW",4956,3846
"SMW",5054,3254
"SMW",5087,8411
"SMW",5138,5116
"SMW",5511,8330
"SMW",5631,2974
"SMW",5663,5166
"SMW",6090,4855
"SMW",6099,2014
"SMW",6280,1485
"SMW",7109,6301
"SMW",7219,740
"SMW",7235,3086
"SMW",7319,5028
"SMW",7587,3850
"SMW",7951,6184
"SMW",8080,5000
"SMW",8092,746
"SMW",8216,2921
"SMW",8240,1584
"SMW",8572,10330
"SMW",8831,1141
"SMW",8969,1915
"SMW",8974,3969
"SMW",9000,3340
"SMW",9090,4844
"SMW",9257,10306
"SMW",9343,5058
"SMW",9704,9352
"SMW",9803,9965
"SMW",9944,979
"SMW",10000,8000
"SMW",10192,2839
"SMW",10195,6401
"SMW",10235,4086
"SMW",10244,5709
"SMW",10560,2150
"SNA",821,6145
"SNA",844,2368
"SNA",846,3857
"SNA",847,4871
"SNA",895,1058
"SNA",904,3128
"SNA",915,6915
"SNA",938,9050
"SNA",1140,7998
"SNA",1231,9861
"SNA",1796,4873
"SNA",1881,8926
"SNA",1900,6991
"SNA",1950,2593
"SNA",1999,7990
"SNA",2023,1892
"SNA",2107,9881
"SNA",2139,1056
"SNA",2140,4207
"SNA",2409,5971
"SNA",2783,8038
"SNA",2875,9964
"SNA",2938,6050
"SNA",2961,7010
"SNA",2964,8940
"SNA",3058,1987
"SNA",3087,866
"SNA",3099,3984
"SNA",3108,2896
"SNA",3109,4883
"SNA",3603,4660
"SNA",3872,980
"SNA",3901,5048
"SNA",3920,5885
"SNA",3973,9936
"SNA",3984,7963
"SNA",4002,9140
"SNA",4103,7039
"SNA",4109,2088
"SNA",4137,3027
"SNA",4675,5901
"SNA",4805,4482
"SNA",4926,6969
"SNA",4954,9066
"SNA",4971,2116
"SNA",4974,969
"SNA",4988,7830
"SNA",4991,2961
"SNA",5009,10260
"SNA",5743,6083
"SNA",5870,1011
"SNA",5870,4948
"SNA",5892,10073
"SNA",5901,4012
"SNA",6010,3059
"SNA",6046,9869
"SNA",6109,1883
"SNA",6493,8185
"SNA",6707,7137
"SNA",6886,6669
"SNA",6925,9699
"SNA",6932,4016
"SNA",6944,4736
"SNA",6997,2900
"SNA",7067,9636
"SNA",7079,2042
"SNA",7167,1032
"SNA",7199,6448
"SNA",7769,8671
"SNA",7800,3997
"SNA",7820,2009
"SNA",8052,940
"SNA",8118,8838
"SNA",8121,5088
"SNA",8146,2894
"SNA",8335,10218
"SNA",8850,1839
"SNA",8861,4769
"SNA",8897,4038
"SNA",8923,9979
"SNA",9030,2960
"SNA",9065,975
"SNA",9120,8990
"SNA",9171,5362
"SNA",9570,3992
"SNA",9699,8629
"SNA",9777,887
"SNA",9907,9036
"SNA",9915,3029
"SNA",9925,1699
"SNA",9933,10044
"SNA",10262,5383
"SNA",10334,5065
"SNA",10523,7686
"SNA",11087,6626
"STM",925,6153
"STM",1177,6514
"STM",1302,2552
"STM",1487,1888
"STM",1605,1807
"STM",2061,8211
"STM",2250,567
"STM",2848,2989
"STM",2894,6830
"STM",2901,3727
"STM",3033,4813
"STM",3098,6017
"STM",3299,2309
"STM",3512,2728
"STM",3579,4646
"STM",4000,2480
"STM",4064,4028
"STM",4169,6318
"STM",4185,2764
"STM",4428,7037
"STM",4678,471
"STM",4892,9333
"STM",4940,2000
"STM",4960,3069
"STM",5086,1083
"STM",5110,3992
"STM",5246,7453
"STM",5610,2873
"STM",5820,1013
"STM",6020,4440
"STM",6060,4148
"STM",6323,1555
"STM",6519,4907
"STM",6524,8942
"STM",6649,8738
"STM",6762,786
"STM",6796,2127
"STM",6854,3329
"STM",6946,4254
"STM",7887,2212
"STM",8044,8226
"STM",8630,5229
"STM",8802,6031
"STM",9011,5320
"STM",9389,966
"STM",9564,939
"STM",9650,1440
"STM",10042,3703
"STM",10166,5762
"STM",10178,6664
"STM",10479,5738
"STM",11613,9432
"SWR",475,8563
"SWR",1249,3713
"SWR",1319,10224
"SWR",1468,1270
"SWR",1496,6388
"SWR",1539,6972
"SWR",1556,2471
"SWR",1590,2495
"SWR",1763,1394
"SWR",1883,7973
"SWR",2000,9000
"SWR",2000,10000
"SWR",2042,2398
"SWR",2113,8340
"SWR",2296,5622
"SWR",2392,7200
"SWR",2583,5456
"SWR",2640,3742
"SWR",2698,9552
"SWR",2752,1557
"SWR",2752,1813
"SWR",3080,2496
"SWR",3197,6882
"SWR",3213,5166
"SWR",3297,8732
"SWR",3362,3808
"SWR",3608,6053
"SWR",3873,3249
"SWR",3905,7398
"SWR",4000,7000
"SWR",4020,9440
"SWR",4053,3915
"SWR",4120,8992
"SWR",4299,2309
"SWR",4419,5029
"SWR",4465,6065
"SWR",4531,1788
"SWR",4699,3399
"SWR",4793,8693
"SWR",4812,9741
"SWR",4875,4143
"SWR",5015,4932
"SWR",5158,8138
"SWR",5221,6245
"SWR",5292,1698
"SWR",5402,7223
"SWR",5528,738
"SWR",5726,7058
"SWR",5864,7645
"SWR",5969,5069
"SWR",5978,4249
"SWR",6000,6000
"SWR",6197,2072
"SWR",6510,9859
"SWR",6710,3346
"SWR",6775,2268
"SWR",6790,7996
"SWR",6872,1555
"SWR",6891,5168
"SWR",7000,6000
"SWR",7029,2722
"SWR",7045,7256
"SWR",7058,4105
"SWR",7078,8506
"SWR",7654,9223
"SWR",7751,6924
"SWR",7784,5484
"SWR",7954,6143
"SWR",7977,7892
"SWR",8000,9000
"SWR",8362,3685
"SWR",8406,2274
"SWR",8576,2929
"SWR",8621,5541
"SWR",8791,1410
"SWR",8992,9570
"SWR",9076,7433
"SWR",9084,4032
"SWR",9147,1774
"SWR",9222,7716
"SWR",9285,2855
"SWR",9407,5950
"SWR",9480,3300
"SWR",9620,3987
"SWR",9754,5846
"SWR",9907,1076
"SWR",10000,7000
"SWR",10050,1765
"SWR",10107,9450
"SWR",10263,5164
"SWR",10325,8563
"TAH",833,7970
"TAH",878,2026
"TAH",971,6915
"TAH",1000,1000
"TAH",1046,5024
"TAH",1167,2970
"TAH",1292,8870
"TAH",1339,1587
"TAH",1457,3135
"TAH",1502,8288
"TAH",1701,1217
"TAH",2020,3978
"TAH",2234,7299
"TAH",2321,7169
"TAH",2502,6364
"TAH",2569,5790
"TAH",2912,9672
"TAH",3000,4000
"TAH",3043,2867
"TAH",3127,8610
"TAH",3510,761
"TAH",3518,5110
"TAH",3899,4971
"TAH",4096,10683
"TAH",4100,5955
"TAH",4120,4269
"TAH",4230,2992
"TAH",4423,2582
"TAH",4480,9101
"TAH",4501,8202
"TAH",4779,3094
"TAH",5111,1679
"TAH",5268,10503
"TAH",5628,730
"TAH",5715,3295
"TAH",5891,9985
"TAH",6138,7519
"TAH",6271,3896
"TAH",6520,992
"TAH",6799,9939
"TAH",6904,4802
"TAH",7482,9390
"TAH",7895,9751
"TAH",8331,5320
"TAH",8409,9462
"TAH",8443,941
"TAH",9110,10477
"TAH",9203,4457
"TAH",9381,2081
"TAH",9873,2027
"TAH",9977,10329
"TAH",10009,2910
"TAH",11028,9065
"TSB",788,4368
"TSB",890,5023
"TSB",967,5928
"TSB",990,6907
"TSB",1016,1869
"TSB",1057,9021
"TSB",1079,1142
"TSB",1082,10085
"TSB",1261,8075
"TSB",1286,2929
"TSB",1524,6058
"TSB",1687,1978
"TSB",1898,7975
"TSB",1958,2996
"TSB",2026,10103
"TSB",2035,7060
"TSB",2063,5016
"TSB",2123,1127
"TSB",2197,3781
"TSB",2470,1926
"TSB",2597,9331
"TSB",2792,9040
"TSB",2850,3679
"TSB",2965,6504
"TSB",3022,3418
"TSB",3130,7023
"TSB",3141,10564
"TSB",3278,990
"TSB",3491,7728
"TSB",3560,5000
"TSB",3842,6317
"TSB",3882,9560
"TSB",3931,4389
"TSB",3991,7289
"TSB",4120,8650
"TSB",4178,4965
"TSB",4185,5880
"TSB",4298,3053
"TSB",4326,8239
"TSB",4330,1988
"TSB",4458,894
"TSB",4615,1778
"TSB",4812,2699
"TSB",4850,1322
"TSB",5000,4010
"TSB",5101,4918
"TSB",5527,3873
"TSB",6061,1655
"TSB",6093,3068
"TSB",6165,9862
"TSB",6481,2210
"TSB",6814,-54
"TSB",6961,4723
"TSB",7274,3058
"TSB",7862,2283
"TSB",8701,6026
"TSB",9075,10136
"TSB",9361,5234
"TSB",9900,4968
"TSB",9966,4243
"TSB",10184,1737
"TSB",10321,5643
"TSB",10475,6788
"WAD",-299,6045
"WAD",117,3780
"WAD",1134,-273
"WAD",2000,2310
"WAD",2000,10000
"WAD",2417,7104
"WAD",2656,9551
"WAD",2827,9743
"WAD",3786,4917
"WAD",4022,4913
"WAD",4455,1944
"WAD",4464,2687
"WAD",4540,3479
"WAD",4631,1820
"WAD",4640,3302
"WAD",4974,10188
"WAD",5000,4390
"WAD",5000,4430
"WAD",5130,9109
"WAD",5409,3104
"WAD",5764,2648
"WAD",5968,3541
"WAD",6865,7471
"WAD",7113,7690
"WAD",7441,1235
"WAD",7639,1883
"WAD",8272,6932
"WAD",8683,3955
"WAD",9125,9217
"WAD",9300,8520
"WAD",9315,11186
"WAD",9339,2265
"WAD",9404,11109
"WAD",9614,2858
"WAD",9958,2297
"WAD",10263,1096
"WAD",10317,5045
"WMF",289,4887
"WMF",585,2066
"WMF",653,8477
"WMF",699,7542
"WMF",715,3584
"WMF",1102,1581
"WMF",1148,8880
"WMF",1285,6145
"WMF",1521,3901
"WMF",1521,3901
"WMF",1597,6403
"WMF",1703,6185
"WMF",1754,2043
"WMF",1922,773
"WMF",2191,8942
"WMF",2269,9120
"WMF",2650,8011
"WMF",2698,5552
"WMF",2761,5017
"WMF",2813,8536
"WMF",2844,9266
"WMF",2951,1937
"WMF",3088,8180
"WMF",3136,7418
"WMF",3197,4072
"WMF",3227,7164
"WMF",3441,1607
"WMF",3548,2733
"WMF",3705,2761
"WMF",3908,8118
"WMF",3961,6368
"WMF",3968,1459
"WMF",3970,4833
"WMF",4221,9585
"WMF",4229,9340
"WMF",4420,1748
"WMF",4651,10024
"WMF",4652,6627
"WMF",4669,6846
"WMF",4800,2150
"WMF",4922,3982
"WMF",4943,9547
"WMF",4974,4701
"WMF",5028,2210
"WMF",5047,6514
"WMF",5097,974
"WMF",5132,6258
"WMF",5730,5433
"WMF",5740,3169
"WMF",5909,1317
"WMF",5945,1808
"WMF",6594,3442
"WMF",6778,1186
"WMF",6780,10469
"WMF",6859,6510
"WMF",6888,8872
"WMF",7212,2315
"WMF",7366,3133
"WMF",7579,2911
"WMF",7920,10000
"WMF",7941,9335
"WMF",8228,2074
"WMF",8490,10729
"WMF",8602,9099
"WMF",8655,1139
"WMF",8727,8420
"WMF",8891,989
"WMF",9126,1797
"WMF",9155,5732
"WMF",9160,6360
"WMF",9161,1808
"WMF",9832,1109
"WMF",10013,4770
"WMF",10110,5010
"WMF",10545,1931
"WMF",10560,7891
